{
     "ep_len": [
          4,
          49,
          49,
          49,
          17,
          49,
          3,
          49,
          27,
          4,
          5
     ],
     "ep_ret": [
          0.926530612244898,
          0,
          0,
          0,
          0.6877551020408164,
          0,
          0.9448979591836735,
          0,
          0.5040816326530613,
          0.926530612244898,
          0.9081632653061225
     ],
     "r_list": [
          0.926530612244898,
          0.6877551020408164,
          0.9448979591836735,
          0.5040816326530613,
          0.926530612244898,
          0.9081632653061225
     ],
     "len_list": [
          4,
          17,
          3,
          27,
          4,
          5
     ],
     "sucess_list": [
          1,
          0,
          0,
          0,
          1,
          0,
          1,
          0,
          1,
          1,
          1
     ],
     "r_mean": 0.8163265306122449,
     "r_std": 0.16496563573845893,
     "len_mean": 10.0,
     "len_std": 8.981462390204987,
     "success_rate": 0.5454545454545454
}