{
     "ep_len": [
          49,
          12,
          11,
          49,
          18,
          5,
          49,
          17,
          49,
          4,
          49,
          49,
          3,
          16,
          6,
          10,
          17,
          2,
          19,
          5,
          4
     ],
     "ep_ret": [
          0,
          0,
          0,
          0,
          0.6693877551020408,
          0,
          0,
          0.6877551020408164,
          0,
          0,
          0,
          0,
          0.9448979591836735,
          0,
          0,
          0,
          0,
          0,
          0,
          0.9081632653061225,
          0
     ],
     "r_list": [
          0.6693877551020408,
          0.6877551020408164,
          0.9448979591836735,
          0.9081632653061225
     ],
     "len_list": [
          18,
          17,
          3,
          5
     ],
     "sucess_list": [
          0,
          0,
          0,
          0,
          1,
          0,
          0,
          1,
          0,
          0,
          0,
          0,
          1,
          0,
          0,
          0,
          0,
          0,
          0,
          1,
          0
     ],
     "r_mean": 0.8025510204081633,
     "r_std": 0.12482703568532007,
     "len_mean": 10.75,
     "len_std": 6.796138609534093,
     "success_rate": 0.19047619047619047
}