{
     "ep_len": [
          64,
          64,
          21,
          64,
          64,
          64,
          25,
          30
     ],
     "ep_ret": [
          0,
          0,
          0.7046874999999999,
          0,
          0,
          0,
          0.6484375,
          0.578125
     ],
     "r_list": [
          0.7046874999999999,
          0.6484375,
          0.578125
     ],
     "len_list": [
          21,
          25,
          30
     ],
     "sucess_list": [
          0,
          0,
          1,
          0,
          0,
          0,
          1,
          1
     ],
     "r_mean": 0.6437499999999999,
     "r_std": 0.051775129768065246,
     "len_mean": 25.333333333333332,
     "len_std": 3.6817870057290873,
     "success_rate": 0.375
}