{
     "ep_len": [
          2,
          4,
          3,
          9,
          2,
          3,
          5,
          64,
          6,
          12,
          64,
          12,
          64,
          4,
          9,
          6,
          28,
          21,
          6,
          3,
          64,
          64,
          24,
          3,
          64,
          64,
          6
     ],
     "ep_ret": [
          0.971875,
          0.94375,
          0.9578125,
          0.8734375,
          0.971875,
          0.9578125,
          0.9296875,
          0,
          0.915625,
          0.83125,
          0,
          0.83125,
          0,
          0.94375,
          0.8734375,
          0.915625,
          0.60625,
          0.7046874999999999,
          0.915625,
          0.9578125,
          0,
          0,
          0.6625,
          0.9578125,
          0,
          0,
          0.915625
     ],
     "r_list": [
          0.971875,
          0.94375,
          0.9578125,
          0.8734375,
          0.971875,
          0.9578125,
          0.9296875,
          0.915625,
          0.83125,
          0.83125,
          0.94375,
          0.8734375,
          0.915625,
          0.60625,
          0.7046874999999999,
          0.915625,
          0.9578125,
          0.6625,
          0.9578125,
          0.915625
     ],
     "len_list": [
          2,
          4,
          3,
          9,
          2,
          3,
          5,
          6,
          12,
          12,
          4,
          9,
          6,
          28,
          21,
          6,
          3,
          24,
          3,
          6
     ],
     "sucess_list": [
          1,
          1,
          1,
          1,
          1,
          1,
          1,
          0,
          1,
          1,
          0,
          1,
          0,
          1,
          1,
          1,
          1,
          1,
          1,
          1,
          0,
          0,
          1,
          1,
          0,
          0,
          1
     ],
     "r_mean": 0.881875,
     "r_std": 0.10356723359731108,
     "len_mean": 8.4,
     "len_std": 7.3647810558087885,
     "success_rate": 0.7407407407407407
}