{
     "ep_len": [
          18,
          4,
          7,
          8,
          7,
          8,
          18,
          2,
          14,
          11,
          46,
          2,
          49,
          5,
          14,
          14,
          14,
          45,
          12,
          2,
          10,
          15,
          13,
          5
     ],
     "ep_ret": [
          0,
          0,
          0,
          0,
          0.8714285714285714,
          0,
          0.6693877551020408,
          0,
          0.7428571428571429,
          0,
          0.1551020408163265,
          0,
          0,
          0,
          0.7428571428571429,
          0,
          0,
          0,
          0.7795918367346939,
          0,
          0,
          0,
          0.7612244897959184,
          0.9081632653061225
     ],
     "r_list": [
          0.8714285714285714,
          0.6693877551020408,
          0.7428571428571429,
          0.1551020408163265,
          0.7428571428571429,
          0.7795918367346939,
          0.7612244897959184,
          0.9081632653061225
     ],
     "len_list": [
          7,
          18,
          14,
          46,
          14,
          12,
          13,
          5
     ],
     "sucess_list": [
          0,
          0,
          0,
          0,
          1,
          0,
          1,
          0,
          1,
          0,
          1,
          0,
          0,
          0,
          1,
          0,
          0,
          0,
          1,
          0,
          0,
          0,
          1,
          1
     ],
     "r_mean": 0.7038265306122449,
     "r_std": 0.21914898611055936,
     "len_mean": 16.125,
     "len_std": 11.931444799352676,
     "success_rate": 0.3333333333333333
}