{
     "ep_len": [
          57,
          5,
          25,
          19,
          64,
          5,
          64,
          3,
          4,
          64,
          10
     ],
     "ep_ret": [
          0.19843749999999993,
          0.9296875,
          0.6484375,
          0.7328125,
          0,
          0.9296875,
          0,
          0.9578125,
          0.94375,
          0,
          0.859375
     ],
     "r_list": [
          0.19843749999999993,
          0.9296875,
          0.6484375,
          0.7328125,
          0.9296875,
          0.9578125,
          0.94375,
          0.859375
     ],
     "len_list": [
          57,
          5,
          25,
          19,
          5,
          3,
          4,
          10
     ],
     "sucess_list": [
          1,
          1,
          1,
          1,
          0,
          1,
          0,
          1,
          1,
          0,
          1
     ],
     "r_mean": 0.7749999999999999,
     "r_std": 0.24163369140149416,
     "len_mean": 16.0,
     "len_std": 17.18284027743958,
     "success_rate": 0.7272727272727273
}