{
     "ep_len": [
          35,
          6,
          1,
          9,
          36,
          4,
          4,
          36,
          2,
          36,
          16,
          9,
          7,
          36,
          3,
          2,
          1,
          4,
          36,
          7,
          14,
          26,
          36,
          3,
          21,
          3,
          6,
          4,
          4,
          8,
          36,
          9
     ],
     "ep_ret": [
          0.125,
          0.85,
          0.975,
          0.775,
          0,
          0.9,
          0.9,
          0,
          0.95,
          0,
          0.6000000000000001,
          0.775,
          0.825,
          0,
          0.925,
          0.95,
          0.975,
          0.9,
          0,
          0.825,
          0.6499999999999999,
          0.35,
          0,
          0.925,
          0.475,
          0.925,
          0.85,
          0.9,
          0.9,
          0.8,
          0,
          0.775
     ],
     "r_list": [
          0.125,
          0.85,
          0.975,
          0.775,
          0.9,
          0.9,
          0.95,
          0.6000000000000001,
          0.775,
          0.825,
          0.925,
          0.95,
          0.975,
          0.9,
          0.825,
          0.6499999999999999,
          0.35,
          0.925,
          0.475,
          0.925,
          0.85,
          0.9,
          0.9,
          0.8,
          0.775
     ],
     "len_list": [
          35,
          6,
          1,
          9,
          4,
          4,
          2,
          16,
          9,
          7,
          3,
          2,
          1,
          4,
          7,
          14,
          26,
          3,
          21,
          3,
          6,
          4,
          4,
          8,
          9
     ],
     "sucess_list": [
          1,
          1,
          1,
          1,
          0,
          1,
          1,
          0,
          1,
          0,
          1,
          1,
          1,
          0,
          1,
          1,
          1,
          1,
          0,
          1,
          1,
          1,
          0,
          1,
          1,
          1,
          1,
          1,
          1,
          1,
          0,
          1
     ],
     "r_mean": 0.7919999999999999,
     "r_std": 0.20355834544424847,
     "len_mean": 8.32,
     "len_std": 8.142333817769941,
     "success_rate": 0.78125
}