{
     "ep_len": [
          16,
          9,
          23,
          6,
          12,
          16,
          2,
          39,
          10,
          4,
          11,
          6,
          19,
          29,
          10,
          17,
          6,
          8,
          42,
          11,
          3,
          27,
          19,
          9,
          4,
          16,
          3,
          26,
          5,
          29,
          25,
          4
     ],
     "ep_ret": [
          0,
          0.8346938775510204,
          0.5775510204081633,
          0,
          0,
          0,
          0,
          0,
          0,
          0.926530612244898,
          0.7979591836734694,
          0.889795918367347,
          0,
          0,
          0.8163265306122449,
          0,
          0,
          0.8530612244897959,
          0,
          0,
          0,
          0,
          0,
          0,
          0.926530612244898,
          0,
          0,
          0,
          0.9081632653061225,
          0.46734693877551015,
          0,
          0
     ],
     "r_list": [
          0.8346938775510204,
          0.5775510204081633,
          0.926530612244898,
          0.7979591836734694,
          0.889795918367347,
          0.8163265306122449,
          0.8530612244897959,
          0.926530612244898,
          0.9081632653061225,
          0.46734693877551015
     ],
     "len_list": [
          9,
          23,
          4,
          11,
          6,
          10,
          8,
          4,
          5,
          29
     ],
     "sucess_list": [
          0,
          1,
          1,
          0,
          0,
          0,
          0,
          0,
          0,
          1,
          1,
          1,
          0,
          0,
          1,
          0,
          0,
          1,
          0,
          0,
          0,
          0,
          0,
          0,
          1,
          0,
          0,
          0,
          1,
          1,
          0,
          0
     ],
     "r_mean": 0.7997959183673469,
     "r_std": 0.14704205554010524,
     "len_mean": 10.9,
     "len_std": 8.005623023850173,
     "success_rate": 0.3125
}