{
     "ep_len": [
          49,
          2,
          8,
          49,
          43,
          47,
          49,
          15,
          49,
          7,
          3,
          7,
          34,
          49,
          6,
          49
     ],
     "ep_ret": [
          0,
          0.963265306122449,
          0.8530612244897959,
          0,
          0.21020408163265303,
          0.136734693877551,
          0,
          0.7244897959183674,
          0,
          0.8714285714285714,
          0.9448979591836735,
          0.8714285714285714,
          0.3755102040816326,
          0,
          0.889795918367347,
          0
     ],
     "r_list": [
          0.963265306122449,
          0.8530612244897959,
          0.21020408163265303,
          0.136734693877551,
          0.7244897959183674,
          0.8714285714285714,
          0.9448979591836735,
          0.8714285714285714,
          0.3755102040816326,
          0.889795918367347
     ],
     "len_list": [
          2,
          8,
          43,
          47,
          15,
          7,
          3,
          7,
          34,
          6
     ],
     "sucess_list": [
          0,
          1,
          1,
          0,
          1,
          1,
          0,
          1,
          0,
          1,
          1,
          1,
          1,
          0,
          1,
          0
     ],
     "r_mean": 0.6840816326530612,
     "r_std": 0.30133646500137556,
     "len_mean": 17.2,
     "len_std": 16.406096427852663,
     "success_rate": 0.625
}