{
     "ep_len": [
          36,
          14,
          36,
          4,
          6,
          31,
          24,
          4,
          15,
          31,
          36,
          36,
          19,
          21
     ],
     "ep_ret": [
          0,
          0.6499999999999999,
          0,
          0.9,
          0.85,
          0.22499999999999998,
          0.4,
          0.9,
          0.625,
          0.22499999999999998,
          0,
          0,
          0.5249999999999999,
          0.475
     ],
     "r_list": [
          0.6499999999999999,
          0.9,
          0.85,
          0.22499999999999998,
          0.4,
          0.9,
          0.625,
          0.22499999999999998,
          0.5249999999999999,
          0.475
     ],
     "len_list": [
          14,
          4,
          6,
          31,
          24,
          4,
          15,
          31,
          19,
          21
     ],
     "sucess_list": [
          0,
          1,
          0,
          1,
          1,
          1,
          1,
          1,
          1,
          1,
          0,
          0,
          1,
          1
     ],
     "r_mean": 0.5775,
     "r_std": 0.2414668714337435,
     "len_mean": 16.9,
     "len_std": 9.65867485734974,
     "success_rate": 0.7142857142857143
}