{
     "ep_len": [
          64,
          19,
          46,
          15,
          64,
          6,
          64,
          3
     ],
     "ep_ret": [
          0,
          0.7328125,
          0.353125,
          0.7890625,
          0,
          0.915625,
          0,
          0.9578125
     ],
     "r_list": [
          0.7328125,
          0.353125,
          0.7890625,
          0.915625,
          0.9578125
     ],
     "len_list": [
          19,
          46,
          15,
          6,
          3
     ],
     "sucess_list": [
          0,
          1,
          1,
          1,
          0,
          1,
          0,
          1
     ],
     "r_mean": 0.7496875,
     "r_std": 0.2144519723329678,
     "len_mean": 17.8,
     "len_std": 15.249918032566603,
     "success_rate": 0.625
}