{
     "ep_len": [
          34,
          24,
          64,
          64,
          64,
          3,
          48
     ],
     "ep_ret": [
          0.521875,
          0.6625,
          0,
          0,
          0,
          0.9578125,
          0.32499999999999996
     ],
     "r_list": [
          0.521875,
          0.6625,
          0.9578125,
          0.32499999999999996
     ],
     "len_list": [
          34,
          24,
          3,
          48
     ],
     "sucess_list": [
          1,
          1,
          0,
          0,
          0,
          1,
          1
     ],
     "r_mean": 0.6167968749999999,
     "r_std": 0.23050814017198368,
     "len_mean": 27.25,
     "len_std": 16.391689967785506,
     "success_rate": 0.5714285714285714
}