{
     "ep_len": [
          2,
          10,
          36,
          1,
          36,
          26,
          36,
          2,
          17,
          16,
          36,
          36,
          36,
          19,
          5,
          7,
          15,
          6,
          36,
          31,
          14,
          10,
          17,
          36,
          31,
          36,
          30,
          1,
          21,
          36
     ],
     "ep_ret": [
          0.95,
          0.75,
          0,
          0.975,
          0,
          0.35,
          0,
          0.95,
          0.575,
          0.6000000000000001,
          0,
          0,
          0,
          0.5249999999999999,
          0.875,
          0.825,
          0.625,
          0.85,
          0,
          0.22499999999999998,
          0.6499999999999999,
          0.75,
          0.575,
          0,
          0.22499999999999998,
          0,
          0.25,
          0.975,
          0.475,
          0
     ],
     "r_list": [
          0.95,
          0.75,
          0.975,
          0.35,
          0.95,
          0.575,
          0.6000000000000001,
          0.5249999999999999,
          0.875,
          0.825,
          0.625,
          0.85,
          0.22499999999999998,
          0.6499999999999999,
          0.75,
          0.575,
          0.22499999999999998,
          0.25,
          0.975,
          0.475
     ],
     "len_list": [
          2,
          10,
          1,
          26,
          2,
          17,
          16,
          19,
          5,
          7,
          15,
          6,
          31,
          14,
          10,
          17,
          31,
          30,
          1,
          21
     ],
     "sucess_list": [
          1,
          1,
          0,
          1,
          0,
          1,
          0,
          1,
          1,
          1,
          0,
          0,
          0,
          1,
          1,
          1,
          1,
          1,
          0,
          1,
          1,
          1,
          1,
          0,
          1,
          0,
          1,
          1,
          1,
          0
     ],
     "r_mean": 0.6487499999999999,
     "r_std": 0.24539190593823587,
     "len_mean": 14.05,
     "len_std": 9.815676237529434,
     "success_rate": 0.6666666666666666
}