{
     "ep_len": [
          36,
          9,
          11,
          36,
          5,
          4,
          36,
          5,
          10,
          17,
          36,
          11,
          25,
          16,
          7,
          36,
          36,
          36,
          32,
          33,
          36
     ],
     "ep_ret": [
          0,
          0.775,
          0.725,
          0,
          0.875,
          0.9,
          0,
          0.875,
          0.75,
          0.575,
          0,
          0.725,
          0.375,
          0.6000000000000001,
          0.825,
          0,
          0,
          0,
          0.20000000000000007,
          0.17500000000000004,
          0
     ],
     "r_list": [
          0.775,
          0.725,
          0.875,
          0.9,
          0.875,
          0.75,
          0.575,
          0.725,
          0.375,
          0.6000000000000001,
          0.825,
          0.20000000000000007,
          0.17500000000000004
     ],
     "len_list": [
          9,
          11,
          5,
          4,
          5,
          10,
          17,
          11,
          25,
          16,
          7,
          32,
          33
     ],
     "sucess_list": [
          0,
          1,
          1,
          0,
          1,
          1,
          0,
          1,
          1,
          1,
          0,
          1,
          1,
          1,
          1,
          0,
          0,
          0,
          1,
          1,
          0
     ],
     "r_mean": 0.6442307692307693,
     "r_std": 0.2390191990506053,
     "len_mean": 14.23076923076923,
     "len_std": 9.560767962024213,
     "success_rate": 0.6190476190476191
}