{
     "ep_len": [
          1,
          3,
          32,
          5,
          64,
          5,
          7,
          64,
          64,
          30,
          20,
          64
     ],
     "ep_ret": [
          0.9859375,
          0.9578125,
          0.55,
          0.9296875,
          0,
          0.9296875,
          0.9015625,
          0,
          0,
          0.578125,
          0.71875,
          0
     ],
     "r_list": [
          0.9859375,
          0.9578125,
          0.55,
          0.9296875,
          0.9296875,
          0.9015625,
          0.578125,
          0.71875
     ],
     "len_list": [
          1,
          3,
          32,
          5,
          5,
          7,
          30,
          20
     ],
     "sucess_list": [
          1,
          1,
          1,
          1,
          0,
          1,
          1,
          0,
          0,
          1,
          1,
          0
     ],
     "r_mean": 0.8189453125,
     "r_std": 0.16541193086521477,
     "len_mean": 12.875,
     "len_std": 11.762626194859717,
     "success_rate": 0.6666666666666666
}