{
     "ep_len": [
          3,
          37,
          20,
          4,
          49,
          3,
          38,
          9,
          2,
          3,
          27,
          49,
          23,
          21,
          35,
          49
     ],
     "ep_ret": [
          0.9448979591836735,
          0,
          0,
          0.926530612244898,
          0,
          0,
          0,
          0,
          0,
          0,
          0,
          0,
          0.5775510204081633,
          0,
          0,
          0
     ],
     "r_list": [
          0.9448979591836735,
          0.926530612244898,
          0.5775510204081633
     ],
     "len_list": [
          3,
          4,
          23
     ],
     "sucess_list": [
          1,
          0,
          0,
          1,
          0,
          0,
          0,
          0,
          0,
          0,
          0,
          0,
          1,
          0,
          0,
          0
     ],
     "r_mean": 0.8163265306122449,
     "r_std": 0.16900620908378275,
     "len_mean": 10.0,
     "len_std": 9.201449161228174,
     "success_rate": 0.1875
}