{
     "ep_len": [
          32,
          64,
          14,
          8,
          64,
          7,
          13,
          5,
          2,
          1,
          3,
          3,
          10,
          64,
          3,
          4,
          26,
          9,
          49,
          6,
          8,
          64
     ],
     "ep_ret": [
          0.55,
          0,
          0.803125,
          0.8875,
          0,
          0.9015625,
          0.8171875,
          0.9296875,
          0.971875,
          0.9859375,
          0.9578125,
          0.9578125,
          0.859375,
          0,
          0.9578125,
          0.94375,
          0.6343749999999999,
          0.8734375,
          0.3109375,
          0.915625,
          0.8875,
          0
     ],
     "r_list": [
          0.55,
          0.803125,
          0.8875,
          0.9015625,
          0.8171875,
          0.9296875,
          0.971875,
          0.9859375,
          0.9578125,
          0.9578125,
          0.859375,
          0.9578125,
          0.94375,
          0.6343749999999999,
          0.8734375,
          0.3109375,
          0.915625,
          0.8875
     ],
     "len_list": [
          32,
          14,
          8,
          7,
          13,
          5,
          2,
          1,
          3,
          3,
          10,
          3,
          4,
          26,
          9,
          49,
          6,
          8
     ],
     "sucess_list": [
          1,
          0,
          1,
          1,
          0,
          1,
          1,
          1,
          1,
          1,
          1,
          1,
          1,
          0,
          1,
          1,
          1,
          1,
          1,
          1,
          1,
          0
     ],
     "r_mean": 0.8414062499999999,
     "r_std": 0.17042176827378158,
     "len_mean": 11.277777777777779,
     "len_std": 12.11888129946891,
     "success_rate": 0.8181818181818182
}