{
     "ep_len": [
          16,
          16,
          4,
          11,
          3,
          49,
          6,
          4,
          26,
          6,
          15,
          19,
          39,
          5,
          5,
          49
     ],
     "ep_ret": [
          0,
          0,
          0,
          0,
          0,
          0,
          0,
          0,
          0.5224489795918367,
          0.889795918367347,
          0.7244897959183674,
          0,
          0,
          0.9081632653061225,
          0,
          0
     ],
     "r_list": [
          0.5224489795918367,
          0.889795918367347,
          0.7244897959183674,
          0.9081632653061225
     ],
     "len_list": [
          26,
          6,
          15,
          5
     ],
     "sucess_list": [
          0,
          0,
          0,
          0,
          0,
          0,
          0,
          0,
          1,
          1,
          1,
          0,
          0,
          1,
          0,
          0
     ],
     "r_mean": 0.7612244897959184,
     "r_std": 0.1553100109465203,
     "len_mean": 13.0,
     "len_std": 8.455767262643882,
     "success_rate": 0.25
}