{
     "ep_len": [
          3,
          28,
          1,
          11,
          5,
          36,
          2,
          6,
          5,
          15,
          36,
          3,
          4,
          10,
          36,
          3,
          14,
          28,
          14,
          2,
          9,
          3,
          5,
          8,
          36,
          1,
          6,
          36,
          5,
          20,
          3,
          27,
          28,
          9,
          2,
          7,
          4,
          16,
          36,
          5
     ],
     "ep_ret": [
          0.925,
          0.29999999999999993,
          0.975,
          0.725,
          0.875,
          0,
          0.95,
          0.85,
          0.875,
          0.625,
          0,
          0.925,
          0.9,
          0.75,
          0,
          0.925,
          0.6499999999999999,
          0.29999999999999993,
          0.6499999999999999,
          0.95,
          0.775,
          0.925,
          0.875,
          0.8,
          0,
          0.975,
          0.85,
          0,
          0.875,
          0.5,
          0.925,
          0.32499999999999996,
          0.29999999999999993,
          0.775,
          0.95,
          0.825,
          0.9,
          0.6000000000000001,
          0,
          0.875
     ],
     "r_list": [
          0.925,
          0.29999999999999993,
          0.975,
          0.725,
          0.875,
          0.95,
          0.85,
          0.875,
          0.625,
          0.925,
          0.9,
          0.75,
          0.925,
          0.6499999999999999,
          0.29999999999999993,
          0.6499999999999999,
          0.95,
          0.775,
          0.925,
          0.875,
          0.8,
          0.975,
          0.85,
          0.875,
          0.5,
          0.925,
          0.32499999999999996,
          0.29999999999999993,
          0.775,
          0.95,
          0.825,
          0.9,
          0.6000000000000001,
          0.875
     ],
     "len_list": [
          3,
          28,
          1,
          11,
          5,
          2,
          6,
          5,
          15,
          3,
          4,
          10,
          3,
          14,
          28,
          14,
          2,
          9,
          3,
          5,
          8,
          1,
          6,
          5,
          20,
          3,
          27,
          28,
          9,
          2,
          7,
          4,
          16,
          5
     ],
     "sucess_list": [
          1,
          1,
          1,
          1,
          1,
          0,
          1,
          1,
          1,
          1,
          0,
          1,
          1,
          1,
          0,
          1,
          1,
          1,
          1,
          1,
          1,
          1,
          1,
          1,
          0,
          1,
          1,
          0,
          1,
          1,
          1,
          1,
          1,
          1,
          1,
          1,
          1,
          1,
          0,
          1
     ],
     "r_mean": 0.7705882352941176,
     "r_std": 0.2044963853624254,
     "len_mean": 9.176470588235293,
     "len_std": 8.179855414497014,
     "success_rate": 0.85
}