{
     "ep_len": [
          7,
          64,
          64,
          64,
          64,
          64,
          24,
          4,
          30,
          49,
          57
     ],
     "ep_ret": [
          0.9015625,
          0,
          0,
          0,
          0,
          0,
          0.6625,
          0.94375,
          0.578125,
          0.3109375,
          0.19843749999999993
     ],
     "r_list": [
          0.9015625,
          0.6625,
          0.94375,
          0.578125,
          0.3109375,
          0.19843749999999993
     ],
     "len_list": [
          7,
          24,
          4,
          30,
          49,
          57
     ],
     "sucess_list": [
          1,
          0,
          0,
          0,
          0,
          0,
          1,
          1,
          1,
          1,
          1
     ],
     "r_mean": 0.59921875,
     "r_std": 0.2763737438489092,
     "len_mean": 28.5,
     "len_std": 19.653244007033546,
     "success_rate": 0.5454545454545454
}