{
     "ep_len": [
          2,
          3,
          49,
          49,
          49,
          2,
          49,
          2,
          49,
          49,
          2,
          49,
          49,
          49,
          3,
          4,
          49,
          49,
          49,
          3,
          5,
          49,
          3,
          49,
          49,
          2,
          2,
          49,
          5,
          2,
          49,
          2,
          2,
          49,
          49,
          49
     ],
     "ep_ret": [
          0,
          0,
          0,
          0,
          0,
          0,
          0,
          0,
          0,
          0,
          0.963265306122449,
          0,
          0,
          0,
          0.9448979591836735,
          0,
          0,
          0,
          0,
          0,
          0,
          0,
          0.9448979591836735,
          0,
          0,
          0,
          0,
          0,
          0.9081632653061225,
          0,
          0,
          0,
          0,
          0,
          0,
          0
     ],
     "r_list": [
          0.963265306122449,
          0.9448979591836735,
          0.9448979591836735,
          0.9081632653061225
     ],
     "len_list": [
          2,
          3,
          3,
          5
     ],
     "sucess_list": [
          0,
          0,
          0,
          0,
          0,
          0,
          0,
          0,
          0,
          0,
          1,
          0,
          0,
          0,
          1,
          0,
          0,
          0,
          0,
          0,
          0,
          0,
          1,
          0,
          0,
          0,
          0,
          0,
          1,
          0,
          0,
          0,
          0,
          0,
          0,
          0
     ],
     "r_mean": 0.9403061224489796,
     "r_std": 0.020015352291768398,
     "len_mean": 3.25,
     "len_std": 1.0897247358851685,
     "success_rate": 0.1111111111111111
}