{
     "ep_len": [
          36,
          36,
          36,
          36,
          36,
          36,
          36,
          36,
          36,
          36,
          2,
          8,
          36,
          36,
          36,
          36,
          36,
          36,
          36,
          36,
          36,
          36,
          36,
          36,
          3,
          36,
          36,
          36,
          36,
          36,
          3,
          3
     ],
     "ep_ret": [
          0,
          0,
          0,
          0,
          0,
          0,
          0,
          0,
          0,
          0,
          0.95,
          0.8,
          0,
          0,
          0,
          0,
          0,
          0,
          0,
          0,
          0,
          0,
          0,
          0,
          0.925,
          0,
          0,
          0,
          0,
          0,
          0.925,
          0.925
     ],
     "r_list": [
          0.95,
          0.8,
          0.925,
          0.925,
          0.925
     ],
     "len_list": [
          2,
          8,
          3,
          3,
          3
     ],
     "sucess_list": [
          0,
          0,
          0,
          0,
          0,
          0,
          0,
          0,
          0,
          0,
          1,
          1,
          0,
          0,
          0,
          0,
          0,
          0,
          0,
          0,
          0,
          0,
          0,
          0,
          1,
          0,
          0,
          0,
          0,
          0,
          1,
          1
     ],
     "r_mean": 0.9049999999999999,
     "r_std": 0.05338539126015654,
     "len_mean": 3.8,
     "len_std": 2.1354156504062622,
     "success_rate": 0.15625
}