{
     "ep_len": [
          1,
          64,
          64,
          64,
          64,
          64,
          64,
          64,
          64,
          64,
          64,
          64,
          64,
          64,
          64,
          2,
          64
     ],
     "ep_ret": [
          0.9859375,
          0,
          0,
          0,
          0,
          0,
          0,
          0,
          0,
          0,
          0,
          0,
          0,
          0,
          0,
          0.971875,
          0
     ],
     "r_list": [
          0.9859375,
          0.971875
     ],
     "len_list": [
          1,
          2
     ],
     "sucess_list": [
          1,
          0,
          0,
          0,
          0,
          0,
          0,
          0,
          0,
          0,
          0,
          0,
          0,
          0,
          0,
          1,
          0
     ],
     "r_mean": 0.9789062500000001,
     "r_std": 0.007031249999999989,
     "len_mean": 1.5,
     "len_std": 0.5,
     "success_rate": 0.11764705882352941
}