{
     "ep_len": [
          64,
          64,
          64,
          64,
          64,
          3,
          64,
          64,
          64,
          64,
          6,
          64,
          64,
          64,
          64,
          64,
          64
     ],
     "ep_ret": [
          0,
          0,
          0,
          0,
          0,
          0.9578125,
          0,
          0,
          0,
          0,
          0.915625,
          0,
          0,
          0,
          0,
          0,
          0
     ],
     "r_list": [
          0.9578125,
          0.915625
     ],
     "len_list": [
          3,
          6
     ],
     "sucess_list": [
          0,
          0,
          0,
          0,
          0,
          1,
          0,
          0,
          0,
          0,
          1,
          0,
          0,
          0,
          0,
          0,
          0
     ],
     "r_mean": 0.93671875,
     "r_std": 0.021093749999999967,
     "len_mean": 4.5,
     "len_std": 1.5,
     "success_rate": 0.11764705882352941
}