{
     "ep_len": [
          6,
          2,
          49,
          4,
          2,
          5,
          49,
          2,
          3,
          2,
          4,
          5,
          4,
          2,
          9,
          10,
          3,
          12,
          5,
          49,
          5,
          49,
          49,
          3,
          9,
          4,
          2,
          7,
          18,
          2,
          37,
          2,
          2,
          49,
          2,
          4,
          4,
          5,
          49,
          49,
          49,
          2,
          2,
          2,
          21,
          2,
          49,
          10,
          2,
          2,
          3,
          3,
          10,
          3,
          49,
          49,
          3,
          2,
          6,
          49,
          15,
          2,
          2,
          2,
          3,
          5,
          4,
          49,
          2,
          2,
          7,
          4,
          5,
          5,
          15,
          4
     ],
     "ep_ret": [
          0.889795918367347,
          0,
          0,
          0.926530612244898,
          0.963265306122449,
          0,
          0,
          0,
          0.9448979591836735,
          0.963265306122449,
          0,
          0,
          0.926530612244898,
          0.963265306122449,
          0,
          0.8163265306122449,
          0.9448979591836735,
          0,
          0,
          0,
          0,
          0,
          0,
          0,
          0,
          0.926530612244898,
          0,
          0,
          0,
          0,
          0,
          0,
          0.963265306122449,
          0,
          0,
          0,
          0.926530612244898,
          0,
          0,
          0,
          0,
          0,
          0.963265306122449,
          0.963265306122449,
          0.6142857142857143,
          0.963265306122449,
          0,
          0,
          0,
          0,
          0,
          0.9448979591836735,
          0,
          0,
          0,
          0,
          0,
          0,
          0.889795918367347,
          0,
          0,
          0.963265306122449,
          0,
          0,
          0,
          0.9081632653061225,
          0,
          0,
          0,
          0,
          0,
          0.926530612244898,
          0,
          0,
          0,
          0
     ],
     "r_list": [
          0.889795918367347,
          0.926530612244898,
          0.963265306122449,
          0.9448979591836735,
          0.963265306122449,
          0.926530612244898,
          0.963265306122449,
          0.8163265306122449,
          0.9448979591836735,
          0.926530612244898,
          0.963265306122449,
          0.926530612244898,
          0.963265306122449,
          0.963265306122449,
          0.6142857142857143,
          0.963265306122449,
          0.9448979591836735,
          0.889795918367347,
          0.963265306122449,
          0.9081632653061225,
          0.926530612244898
     ],
     "len_list": [
          6,
          4,
          2,
          3,
          2,
          4,
          2,
          10,
          3,
          4,
          2,
          4,
          2,
          2,
          21,
          2,
          3,
          6,
          2,
          5,
          4
     ],
     "sucess_list": [
          1,
          0,
          0,
          1,
          1,
          0,
          0,
          0,
          1,
          1,
          0,
          0,
          1,
          1,
          0,
          1,
          1,
          0,
          0,
          0,
          0,
          0,
          0,
          0,
          0,
          1,
          0,
          0,
          0,
          0,
          0,
          0,
          1,
          0,
          0,
          0,
          1,
          0,
          0,
          0,
          0,
          0,
          1,
          1,
          1,
          1,
          0,
          0,
          0,
          0,
          0,
          1,
          0,
          0,
          0,
          0,
          0,
          0,
          1,
          0,
          0,
          1,
          0,
          0,
          0,
          1,
          0,
          0,
          0,
          0,
          0,
          1,
          0,
          0,
          0,
          0
     ],
     "r_mean": 0.9186588921282797,
     "r_std": 0.07658931526177132,
     "len_mean": 4.428571428571429,
     "len_std": 4.16986271980755,
     "success_rate": 0.27631578947368424
}