{
     "ep_len": [
          6,
          2,
          7,
          11,
          11,
          4,
          2,
          2,
          45,
          9,
          12,
          8,
          2,
          9,
          8,
          3,
          6,
          4,
          32,
          2,
          2,
          22,
          3,
          17,
          2,
          6,
          4,
          20,
          5,
          8,
          8,
          3,
          23,
          5,
          27,
          15,
          2,
          3,
          8,
          5,
          13,
          5,
          17,
          16,
          11,
          3,
          23,
          9,
          6,
          14,
          11,
          10,
          12,
          2,
          3,
          6,
          2,
          4,
          46,
          6,
          3,
          7,
          4,
          8,
          2,
          3,
          9,
          13,
          2,
          10,
          11,
          6,
          7,
          27,
          8,
          4,
          3,
          11,
          10,
          3,
          11,
          6
     ],
     "ep_ret": [
          0,
          0,
          0.8714285714285714,
          0.7979591836734694,
          0,
          0.926530612244898,
          0.963265306122449,
          0,
          0,
          0.8346938775510204,
          0.7795918367346939,
          0,
          0.963265306122449,
          0,
          0,
          0,
          0,
          0,
          0,
          0.963265306122449,
          0,
          0.5959183673469388,
          0,
          0.6877551020408164,
          0.963265306122449,
          0,
          0,
          0,
          0,
          0,
          0,
          0.9448979591836735,
          0.5775510204081633,
          0.9081632653061225,
          0,
          0,
          0.963265306122449,
          0,
          0.8530612244897959,
          0,
          0,
          0.9081632653061225,
          0,
          0.7061224489795919,
          0,
          0.9448979591836735,
          0.5775510204081633,
          0,
          0,
          0,
          0.7979591836734694,
          0,
          0.7795918367346939,
          0,
          0,
          0.889795918367347,
          0.963265306122449,
          0.926530612244898,
          0,
          0,
          0.9448979591836735,
          0.8714285714285714,
          0,
          0,
          0.963265306122449,
          0,
          0,
          0,
          0,
          0.8163265306122449,
          0,
          0,
          0,
          0.5040816326530613,
          0.8530612244897959,
          0,
          0,
          0,
          0,
          0.9448979591836735,
          0.7979591836734694,
          0
     ],
     "r_list": [
          0.8714285714285714,
          0.7979591836734694,
          0.926530612244898,
          0.963265306122449,
          0.8346938775510204,
          0.7795918367346939,
          0.963265306122449,
          0.963265306122449,
          0.5959183673469388,
          0.6877551020408164,
          0.963265306122449,
          0.9448979591836735,
          0.5775510204081633,
          0.9081632653061225,
          0.963265306122449,
          0.8530612244897959,
          0.9081632653061225,
          0.7061224489795919,
          0.9448979591836735,
          0.5775510204081633,
          0.7979591836734694,
          0.7795918367346939,
          0.889795918367347,
          0.963265306122449,
          0.926530612244898,
          0.9448979591836735,
          0.8714285714285714,
          0.963265306122449,
          0.8163265306122449,
          0.5040816326530613,
          0.8530612244897959,
          0.9448979591836735,
          0.7979591836734694
     ],
     "len_list": [
          7,
          11,
          4,
          2,
          9,
          12,
          2,
          2,
          22,
          17,
          2,
          3,
          23,
          5,
          2,
          8,
          5,
          16,
          3,
          23,
          11,
          12,
          6,
          2,
          4,
          3,
          7,
          2,
          10,
          27,
          8,
          3,
          11
     ],
     "sucess_list": [
          0,
          0,
          1,
          1,
          0,
          1,
          1,
          0,
          0,
          1,
          1,
          0,
          1,
          0,
          0,
          0,
          0,
          0,
          0,
          1,
          0,
          1,
          0,
          1,
          1,
          0,
          0,
          0,
          0,
          0,
          0,
          1,
          1,
          1,
          0,
          0,
          1,
          0,
          1,
          0,
          0,
          1,
          0,
          1,
          0,
          1,
          1,
          0,
          0,
          0,
          1,
          0,
          1,
          0,
          0,
          1,
          1,
          1,
          0,
          0,
          1,
          1,
          0,
          0,
          1,
          0,
          0,
          0,
          0,
          1,
          0,
          0,
          0,
          1,
          1,
          0,
          0,
          0,
          0,
          1,
          1,
          0
     ],
     "r_mean": 0.8419294990723563,
     "r_std": 0.12836766737032318,
     "len_mean": 8.606060606060606,
     "len_std": 6.988906334606486,
     "success_rate": 0.4024390243902439
}