{
     "ep_len": [
          29,
          14,
          6,
          11,
          7,
          3,
          3,
          3,
          13,
          18,
          2,
          49,
          13,
          12,
          2,
          2,
          3,
          2,
          3,
          6,
          5,
          6,
          8,
          2,
          11,
          6,
          2,
          7,
          10,
          3,
          10,
          23,
          3,
          11,
          49,
          4,
          3,
          2,
          7,
          24,
          6,
          3,
          9,
          3,
          4,
          5,
          8,
          3,
          9,
          9,
          7,
          9,
          2,
          8,
          4,
          2,
          6,
          15,
          6,
          7,
          15,
          4,
          4,
          5,
          2,
          4,
          6,
          6,
          3,
          8,
          4,
          2,
          7,
          2,
          5,
          29,
          3,
          7,
          8,
          11,
          16,
          6,
          49,
          3,
          2,
          15,
          2,
          2,
          7
     ],
     "ep_ret": [
          0,
          0.7428571428571429,
          0.889795918367347,
          0.7979591836734694,
          0.8714285714285714,
          0,
          0,
          0.9448979591836735,
          0.7612244897959184,
          0.6693877551020408,
          0,
          0,
          0,
          0,
          0,
          0.963265306122449,
          0.9448979591836735,
          0,
          0,
          0.889795918367347,
          0.9081632653061225,
          0.889795918367347,
          0,
          0,
          0,
          0,
          0.963265306122449,
          0.8714285714285714,
          0,
          0.9448979591836735,
          0,
          0,
          0,
          0,
          0,
          0,
          0,
          0.963265306122449,
          0,
          0,
          0,
          0,
          0,
          0,
          0,
          0.9081632653061225,
          0,
          0,
          0.8346938775510204,
          0.8346938775510204,
          0,
          0,
          0,
          0,
          0,
          0,
          0.889795918367347,
          0,
          0,
          0,
          0.7244897959183674,
          0,
          0,
          0,
          0,
          0.926530612244898,
          0,
          0,
          0,
          0,
          0,
          0,
          0,
          0.963265306122449,
          0,
          0.46734693877551015,
          0.9448979591836735,
          0.8714285714285714,
          0.8530612244897959,
          0,
          0.7061224489795919,
          0.889795918367347,
          0,
          0,
          0.963265306122449,
          0.7244897959183674,
          0.963265306122449,
          0,
          0.8714285714285714
     ],
     "r_list": [
          0.7428571428571429,
          0.889795918367347,
          0.7979591836734694,
          0.8714285714285714,
          0.9448979591836735,
          0.7612244897959184,
          0.6693877551020408,
          0.963265306122449,
          0.9448979591836735,
          0.889795918367347,
          0.9081632653061225,
          0.889795918367347,
          0.963265306122449,
          0.8714285714285714,
          0.9448979591836735,
          0.963265306122449,
          0.9081632653061225,
          0.8346938775510204,
          0.8346938775510204,
          0.889795918367347,
          0.7244897959183674,
          0.926530612244898,
          0.963265306122449,
          0.46734693877551015,
          0.9448979591836735,
          0.8714285714285714,
          0.8530612244897959,
          0.7061224489795919,
          0.889795918367347,
          0.963265306122449,
          0.7244897959183674,
          0.963265306122449,
          0.8714285714285714
     ],
     "len_list": [
          14,
          6,
          11,
          7,
          3,
          13,
          18,
          2,
          3,
          6,
          5,
          6,
          2,
          7,
          3,
          2,
          5,
          9,
          9,
          6,
          15,
          4,
          2,
          29,
          3,
          7,
          8,
          16,
          6,
          2,
          15,
          2,
          7
     ],
     "sucess_list": [
          0,
          1,
          1,
          1,
          1,
          0,
          0,
          1,
          1,
          1,
          0,
          0,
          0,
          0,
          0,
          1,
          1,
          0,
          0,
          1,
          1,
          1,
          0,
          0,
          0,
          0,
          1,
          1,
          0,
          1,
          0,
          0,
          0,
          0,
          0,
          0,
          0,
          1,
          0,
          0,
          0,
          0,
          0,
          0,
          0,
          1,
          0,
          0,
          1,
          1,
          0,
          0,
          0,
          0,
          0,
          0,
          1,
          0,
          0,
          0,
          1,
          0,
          0,
          0,
          0,
          1,
          0,
          0,
          0,
          0,
          0,
          0,
          0,
          1,
          0,
          1,
          1,
          1,
          1,
          0,
          1,
          1,
          0,
          0,
          1,
          1,
          1,
          0,
          1
     ],
     "r_mean": 0.8591836734693877,
     "r_std": 0.10820701324123412,
     "len_mean": 7.666666666666667,
     "len_std": 5.891270720911636,
     "success_rate": 0.3707865168539326
}