{
     "ep_len": [
          36,
          1,
          3,
          36,
          36,
          5,
          8,
          1,
          12,
          4,
          2,
          25,
          26,
          1,
          36,
          16,
          32,
          10,
          5,
          36,
          16,
          36,
          36,
          36,
          36,
          24,
          8,
          30,
          36,
          36,
          8,
          36,
          9,
          29,
          36,
          1,
          19,
          36,
          5
     ],
     "ep_ret": [
          0,
          0.975,
          0.925,
          0,
          0,
          0.875,
          0.8,
          0.975,
          0.7,
          0.9,
          0.95,
          0.375,
          0.35,
          0.975,
          0,
          0.6000000000000001,
          0.20000000000000007,
          0.75,
          0.875,
          0,
          0.6000000000000001,
          0,
          0,
          0,
          0,
          0.4,
          0.8,
          0.25,
          0,
          0,
          0.8,
          0,
          0.775,
          0.2749999999999999,
          0,
          0.975,
          0.5249999999999999,
          0,
          0.875
     ],
     "r_list": [
          0.975,
          0.925,
          0.875,
          0.8,
          0.975,
          0.7,
          0.9,
          0.95,
          0.375,
          0.35,
          0.975,
          0.6000000000000001,
          0.20000000000000007,
          0.75,
          0.875,
          0.6000000000000001,
          0.4,
          0.8,
          0.25,
          0.8,
          0.775,
          0.2749999999999999,
          0.975,
          0.5249999999999999,
          0.875
     ],
     "len_list": [
          1,
          3,
          5,
          8,
          1,
          12,
          4,
          2,
          25,
          26,
          1,
          16,
          32,
          10,
          5,
          16,
          24,
          8,
          30,
          8,
          9,
          29,
          1,
          19,
          5
     ],
     "sucess_list": [
          0,
          1,
          1,
          0,
          0,
          1,
          1,
          1,
          1,
          1,
          1,
          1,
          1,
          1,
          0,
          1,
          1,
          1,
          1,
          0,
          1,
          0,
          0,
          0,
          0,
          1,
          1,
          1,
          0,
          0,
          1,
          0,
          1,
          1,
          0,
          1,
          1,
          0,
          1
     ],
     "r_mean": 0.7,
     "r_std": 0.2519920633670831,
     "len_mean": 12.0,
     "len_std": 10.079682534683322,
     "success_rate": 0.6410256410256411
}