{
     "ep_len": [
          9,
          64,
          2,
          2,
          64,
          64,
          10,
          28,
          64,
          6,
          64,
          64,
          14,
          64,
          14,
          64,
          64,
          25,
          64,
          64,
          12,
          64,
          64,
          64
     ],
     "ep_ret": [
          0.8734375,
          0,
          0.971875,
          0.971875,
          0,
          0,
          0.859375,
          0.60625,
          0,
          0.915625,
          0,
          0,
          0.803125,
          0,
          0.803125,
          0,
          0,
          0.6484375,
          0,
          0,
          0.83125,
          0,
          0,
          0
     ],
     "r_list": [
          0.8734375,
          0.971875,
          0.971875,
          0.859375,
          0.60625,
          0.915625,
          0.803125,
          0.803125,
          0.6484375,
          0.83125
     ],
     "len_list": [
          9,
          2,
          2,
          10,
          28,
          6,
          14,
          14,
          25,
          12
     ],
     "sucess_list": [
          1,
          0,
          1,
          1,
          0,
          0,
          1,
          1,
          0,
          1,
          0,
          0,
          1,
          0,
          1,
          0,
          0,
          1,
          0,
          0,
          1,
          0,
          0,
          0
     ],
     "r_mean": 0.8284375,
     "r_std": 0.11609869185309542,
     "len_mean": 12.2,
     "len_std": 8.255906976220118,
     "success_rate": 0.4166666666666667
}