{
     "ep_len": [
          12,
          25,
          22,
          36,
          4,
          29,
          28,
          33,
          5,
          2,
          36,
          7,
          1,
          21,
          7,
          1,
          10,
          28,
          27,
          4,
          36,
          25,
          4,
          14,
          36,
          20,
          3,
          10,
          11,
          2,
          4,
          3,
          36,
          30,
          13,
          14,
          4,
          5,
          5,
          4,
          36,
          26,
          11,
          7,
          6,
          5,
          4,
          4,
          10,
          36,
          25,
          14,
          18,
          24,
          6,
          10,
          3,
          21
     ],
     "ep_ret": [
          0.7,
          0.375,
          0.44999999999999996,
          0,
          0.9,
          0.2749999999999999,
          0.29999999999999993,
          0.17500000000000004,
          0.875,
          0.95,
          0,
          0.825,
          0.975,
          0.475,
          0.825,
          0.975,
          0.75,
          0.29999999999999993,
          0.32499999999999996,
          0.9,
          0,
          0.375,
          0.9,
          0.6499999999999999,
          0,
          0.5,
          0.925,
          0.75,
          0.725,
          0.95,
          0.9,
          0.925,
          0,
          0.25,
          0.675,
          0.6499999999999999,
          0.9,
          0.875,
          0.875,
          0.9,
          0,
          0.35,
          0.725,
          0.825,
          0.85,
          0.875,
          0.9,
          0.9,
          0.75,
          0,
          0.375,
          0.6499999999999999,
          0.55,
          0.4,
          0.85,
          0.75,
          0.925,
          0.475
     ],
     "r_list": [
          0.7,
          0.375,
          0.44999999999999996,
          0.9,
          0.2749999999999999,
          0.29999999999999993,
          0.17500000000000004,
          0.875,
          0.95,
          0.825,
          0.975,
          0.475,
          0.825,
          0.975,
          0.75,
          0.29999999999999993,
          0.32499999999999996,
          0.9,
          0.375,
          0.9,
          0.6499999999999999,
          0.5,
          0.925,
          0.75,
          0.725,
          0.95,
          0.9,
          0.925,
          0.25,
          0.675,
          0.6499999999999999,
          0.9,
          0.875,
          0.875,
          0.9,
          0.35,
          0.725,
          0.825,
          0.85,
          0.875,
          0.9,
          0.9,
          0.75,
          0.375,
          0.6499999999999999,
          0.55,
          0.4,
          0.85,
          0.75,
          0.925,
          0.475
     ],
     "len_list": [
          12,
          25,
          22,
          4,
          29,
          28,
          33,
          5,
          2,
          7,
          1,
          21,
          7,
          1,
          10,
          28,
          27,
          4,
          25,
          4,
          14,
          20,
          3,
          10,
          11,
          2,
          4,
          3,
          30,
          13,
          14,
          4,
          5,
          5,
          4,
          26,
          11,
          7,
          6,
          5,
          4,
          4,
          10,
          25,
          14,
          18,
          24,
          6,
          10,
          3,
          21
     ],
     "sucess_list": [
          1,
          1,
          1,
          0,
          1,
          1,
          1,
          1,
          1,
          1,
          0,
          1,
          1,
          1,
          1,
          1,
          1,
          1,
          1,
          1,
          0,
          1,
          1,
          1,
          0,
          1,
          1,
          1,
          1,
          1,
          1,
          1,
          0,
          1,
          1,
          1,
          1,
          1,
          1,
          1,
          0,
          1,
          1,
          1,
          1,
          1,
          1,
          1,
          1,
          0,
          1,
          1,
          1,
          1,
          1,
          1,
          1,
          1
     ],
     "r_mean": 0.6906862745098039,
     "r_std": 0.23649611282268126,
     "len_mean": 12.372549019607844,
     "len_std": 9.45984451290725,
     "success_rate": 0.8793103448275862
}