{
     "ep_len": [
          49,
          2,
          7,
          10,
          3,
          6,
          12,
          3,
          49,
          2,
          3,
          3,
          2,
          12,
          2,
          2,
          2,
          7,
          17,
          5,
          2,
          3,
          49,
          3,
          3,
          3,
          6,
          7,
          49,
          4,
          3,
          49,
          15,
          5,
          4,
          3,
          49,
          49,
          3,
          7,
          4,
          49,
          4,
          49,
          2,
          49,
          3,
          3,
          12,
          4,
          49,
          7,
          3,
          2,
          2,
          2,
          49,
          2,
          3,
          4,
          49,
          3,
          3,
          49,
          3,
          8,
          3,
          49
     ],
     "ep_ret": [
          0,
          0.963265306122449,
          0.8714285714285714,
          0.8163265306122449,
          0,
          0,
          0.7795918367346939,
          0.9448979591836735,
          0,
          0,
          0.9448979591836735,
          0.9448979591836735,
          0.963265306122449,
          0,
          0.963265306122449,
          0.963265306122449,
          0,
          0,
          0.6877551020408164,
          0.9081632653061225,
          0,
          0,
          0,
          0.9448979591836735,
          0,
          0.9448979591836735,
          0,
          0.8714285714285714,
          0,
          0.926530612244898,
          0.9448979591836735,
          0,
          0,
          0,
          0,
          0,
          0,
          0,
          0,
          0,
          0.926530612244898,
          0,
          0,
          0,
          0,
          0,
          0.9448979591836735,
          0,
          0,
          0.926530612244898,
          0,
          0,
          0,
          0.963265306122449,
          0,
          0.963265306122449,
          0,
          0,
          0,
          0.926530612244898,
          0,
          0.9448979591836735,
          0,
          0,
          0,
          0.8530612244897959,
          0,
          0
     ],
     "r_list": [
          0.963265306122449,
          0.8714285714285714,
          0.8163265306122449,
          0.7795918367346939,
          0.9448979591836735,
          0.9448979591836735,
          0.9448979591836735,
          0.963265306122449,
          0.963265306122449,
          0.963265306122449,
          0.6877551020408164,
          0.9081632653061225,
          0.9448979591836735,
          0.9448979591836735,
          0.8714285714285714,
          0.926530612244898,
          0.9448979591836735,
          0.926530612244898,
          0.9448979591836735,
          0.926530612244898,
          0.963265306122449,
          0.963265306122449,
          0.926530612244898,
          0.9448979591836735,
          0.8530612244897959
     ],
     "len_list": [
          2,
          7,
          10,
          12,
          3,
          3,
          3,
          2,
          2,
          2,
          17,
          5,
          3,
          3,
          7,
          4,
          3,
          4,
          3,
          4,
          2,
          2,
          4,
          3,
          8
     ],
     "sucess_list": [
          0,
          1,
          1,
          1,
          0,
          0,
          1,
          1,
          0,
          0,
          1,
          1,
          1,
          0,
          1,
          1,
          0,
          0,
          1,
          1,
          0,
          0,
          0,
          1,
          0,
          1,
          0,
          1,
          0,
          1,
          1,
          0,
          0,
          0,
          0,
          0,
          0,
          0,
          0,
          0,
          1,
          0,
          0,
          0,
          0,
          0,
          1,
          0,
          0,
          1,
          0,
          0,
          0,
          1,
          0,
          1,
          0,
          0,
          0,
          1,
          0,
          1,
          0,
          0,
          0,
          1,
          0,
          0
     ],
     "r_mean": 0.9133061224489797,
     "r_std": 0.06602441712586081,
     "len_mean": 4.72,
     "len_std": 3.5946627101857556,
     "success_rate": 0.36764705882352944
}