{
     "ep_len": [
          22,
          36,
          5,
          4,
          3,
          36,
          5,
          4,
          34,
          36,
          32,
          24,
          6,
          2,
          3,
          32,
          20,
          36,
          24,
          27,
          13,
          25,
          36,
          36,
          8,
          7,
          36,
          34,
          36,
          6,
          11,
          23,
          33,
          36,
          10,
          36,
          36,
          1,
          5,
          8,
          6,
          25,
          7
     ],
     "ep_ret": [
          0.44999999999999996,
          0,
          0.875,
          0.9,
          0.925,
          0,
          0.875,
          0.9,
          0.15000000000000002,
          0,
          0.20000000000000007,
          0.4,
          0.85,
          0.95,
          0.925,
          0.20000000000000007,
          0.5,
          0,
          0.4,
          0.32499999999999996,
          0.675,
          0.375,
          0,
          0,
          0.8,
          0.825,
          0,
          0.15000000000000002,
          0,
          0.85,
          0.725,
          0.42500000000000004,
          0.17500000000000004,
          0,
          0.75,
          0,
          0,
          0.975,
          0.875,
          0.8,
          0.85,
          0.375,
          0.825
     ],
     "r_list": [
          0.44999999999999996,
          0.875,
          0.9,
          0.925,
          0.875,
          0.9,
          0.15000000000000002,
          0.20000000000000007,
          0.4,
          0.85,
          0.95,
          0.925,
          0.20000000000000007,
          0.5,
          0.4,
          0.32499999999999996,
          0.675,
          0.375,
          0.8,
          0.825,
          0.15000000000000002,
          0.85,
          0.725,
          0.42500000000000004,
          0.17500000000000004,
          0.75,
          0.975,
          0.875,
          0.8,
          0.85,
          0.375,
          0.825
     ],
     "len_list": [
          22,
          5,
          4,
          3,
          5,
          4,
          34,
          32,
          24,
          6,
          2,
          3,
          32,
          20,
          24,
          27,
          13,
          25,
          8,
          7,
          34,
          6,
          11,
          23,
          33,
          10,
          1,
          5,
          8,
          6,
          25,
          7
     ],
     "sucess_list": [
          1,
          0,
          1,
          1,
          1,
          0,
          1,
          1,
          1,
          0,
          1,
          1,
          1,
          1,
          1,
          1,
          1,
          0,
          1,
          1,
          1,
          1,
          0,
          0,
          1,
          1,
          0,
          1,
          0,
          1,
          1,
          1,
          1,
          0,
          1,
          0,
          0,
          1,
          1,
          1,
          1,
          1,
          1
     ],
     "r_mean": 0.6335937500000001,
     "r_std": 0.27857122735655504,
     "len_mean": 14.65625,
     "len_std": 11.142849094262203,
     "success_rate": 0.7441860465116279
}