{
     "ep_len": [
          25,
          16,
          3,
          6,
          17,
          26,
          25,
          2,
          2,
          14,
          15,
          20,
          2,
          16,
          4,
          44,
          20,
          3,
          5,
          4,
          4,
          9,
          49,
          12,
          2,
          9,
          7,
          7,
          12,
          22,
          34,
          11,
          3,
          3,
          22,
          6,
          11,
          6,
          9,
          11,
          25,
          10,
          9,
          13,
          49,
          12,
          21,
          49
     ],
     "ep_ret": [
          0.5408163265306123,
          0,
          0,
          0,
          0,
          0,
          0,
          0.963265306122449,
          0,
          0,
          0,
          0,
          0,
          0,
          0,
          0,
          0,
          0,
          0,
          0.926530612244898,
          0,
          0,
          0,
          0.7795918367346939,
          0.963265306122449,
          0.8346938775510204,
          0,
          0,
          0.7795918367346939,
          0,
          0,
          0,
          0,
          0.9448979591836735,
          0,
          0,
          0,
          0,
          0,
          0.7979591836734694,
          0.5408163265306123,
          0,
          0,
          0,
          0,
          0.7795918367346939,
          0,
          0
     ],
     "r_list": [
          0.5408163265306123,
          0.963265306122449,
          0.926530612244898,
          0.7795918367346939,
          0.963265306122449,
          0.8346938775510204,
          0.7795918367346939,
          0.9448979591836735,
          0.7979591836734694,
          0.5408163265306123,
          0.7795918367346939
     ],
     "len_list": [
          25,
          2,
          4,
          12,
          2,
          9,
          12,
          3,
          11,
          25,
          12
     ],
     "sucess_list": [
          1,
          0,
          0,
          0,
          0,
          0,
          0,
          1,
          0,
          0,
          0,
          0,
          0,
          0,
          0,
          0,
          0,
          0,
          0,
          1,
          0,
          0,
          0,
          1,
          1,
          1,
          0,
          0,
          1,
          0,
          0,
          0,
          0,
          1,
          0,
          0,
          0,
          0,
          0,
          1,
          1,
          0,
          0,
          0,
          0,
          1,
          0,
          0
     ],
     "r_mean": 0.8046382189239332,
     "r_std": 0.1436186723727084,
     "len_mean": 10.636363636363637,
     "len_std": 7.819238829180793,
     "success_rate": 0.22916666666666666
}