{
     "ep_len": [
          441,
          4,
          441
     ],
     "ep_ret": [
          0,
          0.9918367346938776,
          0
     ],
     "r_list": [
          0.9918367346938776
     ],
     "len_list": [
          4
     ],
     "sucess_list": [
          0,
          1,
          0
     ],
     "r_mean": 0.9918367346938776,
     "r_std": 0.0,
     "len_mean": 4.0,
     "len_std": 0.0,
     "success_rate": 0.3333333333333333
}