{
     "ep_len": [
          9,
          5,
          8,
          3,
          9,
          36,
          3,
          36,
          3,
          3,
          10,
          36,
          36,
          36,
          16,
          3,
          1,
          36,
          2,
          3,
          4,
          9,
          6,
          36,
          5,
          5,
          36,
          36,
          36,
          5,
          5,
          36,
          36,
          2,
          36,
          2,
          4,
          36,
          2,
          8,
          36,
          16,
          2,
          36,
          8,
          36,
          2,
          36,
          6,
          6,
          22,
          36,
          11,
          36,
          5,
          7,
          9,
          9,
          36,
          29
     ],
     "ep_ret": [
          0.775,
          0.875,
          0.8,
          0.925,
          0.775,
          0,
          0.925,
          0,
          0.925,
          0.925,
          0.75,
          0,
          0,
          0,
          0.6000000000000001,
          0.925,
          0.975,
          0,
          0.95,
          0.925,
          0.9,
          0.775,
          0.85,
          0,
          0.875,
          0.875,
          0,
          0,
          0,
          0.875,
          0.875,
          0,
          0,
          0.95,
          0,
          0.95,
          0.9,
          0,
          0.95,
          0.8,
          0,
          0.6000000000000001,
          0.95,
          0,
          0.8,
          0,
          0.95,
          0,
          0.85,
          0.85,
          0.44999999999999996,
          0,
          0.725,
          0,
          0.875,
          0.825,
          0.775,
          0.775,
          0,
          0.2749999999999999
     ],
     "r_list": [
          0.775,
          0.875,
          0.8,
          0.925,
          0.775,
          0.925,
          0.925,
          0.925,
          0.75,
          0.6000000000000001,
          0.925,
          0.975,
          0.95,
          0.925,
          0.9,
          0.775,
          0.85,
          0.875,
          0.875,
          0.875,
          0.875,
          0.95,
          0.95,
          0.9,
          0.95,
          0.8,
          0.6000000000000001,
          0.95,
          0.8,
          0.95,
          0.85,
          0.85,
          0.44999999999999996,
          0.725,
          0.875,
          0.825,
          0.775,
          0.775,
          0.2749999999999999
     ],
     "len_list": [
          9,
          5,
          8,
          3,
          9,
          3,
          3,
          3,
          10,
          16,
          3,
          1,
          2,
          3,
          4,
          9,
          6,
          5,
          5,
          5,
          5,
          2,
          2,
          4,
          2,
          8,
          16,
          2,
          8,
          2,
          6,
          6,
          22,
          11,
          5,
          7,
          9,
          9,
          29
     ],
     "sucess_list": [
          1,
          1,
          1,
          1,
          1,
          0,
          1,
          0,
          1,
          1,
          1,
          0,
          0,
          0,
          1,
          1,
          1,
          0,
          1,
          1,
          1,
          1,
          1,
          0,
          1,
          1,
          0,
          0,
          0,
          1,
          1,
          0,
          0,
          1,
          0,
          1,
          1,
          0,
          1,
          1,
          0,
          1,
          1,
          0,
          1,
          0,
          1,
          0,
          1,
          1,
          1,
          0,
          1,
          0,
          1,
          1,
          1,
          1,
          0,
          1
     ],
     "r_mean": 0.8288461538461538,
     "r_std": 0.1412556399530314,
     "len_mean": 6.846153846153846,
     "len_std": 5.650225598121255,
     "success_rate": 0.65
}