{
     "ep_len": [
          2,
          3,
          36,
          36,
          36,
          7,
          31,
          36,
          1,
          36,
          6,
          8,
          13,
          36,
          9,
          36,
          2,
          36,
          3,
          36,
          36,
          3,
          17,
          36,
          18,
          12,
          2,
          5,
          10,
          9,
          36,
          36,
          2,
          36,
          3,
          2,
          36,
          36,
          2,
          9,
          36,
          36,
          13,
          13,
          36,
          10,
          4,
          12,
          5,
          4,
          4,
          12,
          11,
          36,
          36
     ],
     "ep_ret": [
          0.95,
          0.925,
          0,
          0,
          0,
          0.825,
          0.22499999999999998,
          0,
          0.975,
          0,
          0.85,
          0.8,
          0.675,
          0,
          0.775,
          0,
          0.95,
          0,
          0.925,
          0,
          0,
          0.925,
          0.575,
          0,
          0.55,
          0.7,
          0.95,
          0.875,
          0.75,
          0.775,
          0,
          0,
          0.95,
          0,
          0.925,
          0.95,
          0,
          0,
          0.95,
          0.775,
          0,
          0,
          0.675,
          0.675,
          0,
          0.75,
          0.9,
          0.7,
          0.875,
          0.9,
          0.9,
          0.7,
          0.725,
          0,
          0
     ],
     "r_list": [
          0.95,
          0.925,
          0.825,
          0.22499999999999998,
          0.975,
          0.85,
          0.8,
          0.675,
          0.775,
          0.95,
          0.925,
          0.925,
          0.575,
          0.55,
          0.7,
          0.95,
          0.875,
          0.75,
          0.775,
          0.95,
          0.925,
          0.95,
          0.95,
          0.775,
          0.675,
          0.675,
          0.75,
          0.9,
          0.7,
          0.875,
          0.9,
          0.9,
          0.7,
          0.725
     ],
     "len_list": [
          2,
          3,
          7,
          31,
          1,
          6,
          8,
          13,
          9,
          2,
          3,
          3,
          17,
          18,
          12,
          2,
          5,
          10,
          9,
          2,
          3,
          2,
          2,
          9,
          13,
          13,
          10,
          4,
          12,
          5,
          4,
          4,
          12,
          11
     ],
     "sucess_list": [
          1,
          1,
          0,
          0,
          0,
          1,
          1,
          0,
          1,
          0,
          1,
          1,
          1,
          0,
          1,
          0,
          1,
          0,
          1,
          0,
          0,
          1,
          1,
          0,
          1,
          1,
          1,
          1,
          1,
          1,
          0,
          0,
          1,
          0,
          1,
          1,
          0,
          0,
          1,
          1,
          0,
          0,
          1,
          1,
          0,
          1,
          1,
          1,
          1,
          1,
          1,
          1,
          1,
          0,
          0
     ],
     "r_mean": 0.8036764705882353,
     "r_std": 0.15388741503186773,
     "len_mean": 7.852941176470588,
     "len_std": 6.155496601274709,
     "success_rate": 0.6181818181818182
}