{
     "ep_len": [
          13,
          64,
          5,
          11,
          64,
          64,
          64,
          64,
          64,
          64,
          64,
          35,
          22,
          64,
          5,
          35,
          64,
          64,
          64,
          3,
          16,
          64,
          1,
          1,
          5,
          11
     ],
     "ep_ret": [
          0.8171875,
          0,
          0.9296875,
          0.8453125,
          0,
          0,
          0,
          0,
          0,
          0,
          0,
          0.5078125,
          0.690625,
          0,
          0.9296875,
          0.5078125,
          0,
          0,
          0,
          0.9578125,
          0.775,
          0,
          0.9859375,
          0.9859375,
          0.9296875,
          0.8453125
     ],
     "r_list": [
          0.8171875,
          0.9296875,
          0.8453125,
          0.5078125,
          0.690625,
          0.9296875,
          0.5078125,
          0.9578125,
          0.775,
          0.9859375,
          0.9859375,
          0.9296875,
          0.8453125
     ],
     "len_list": [
          13,
          5,
          11,
          35,
          22,
          5,
          35,
          3,
          16,
          1,
          1,
          5,
          11
     ],
     "sucess_list": [
          1,
          0,
          1,
          1,
          0,
          0,
          0,
          0,
          0,
          0,
          0,
          1,
          1,
          0,
          1,
          1,
          0,
          0,
          0,
          1,
          1,
          0,
          1,
          1,
          1,
          1
     ],
     "r_mean": 0.8236778846153847,
     "r_std": 0.1581030101123405,
     "len_mean": 12.538461538461538,
     "len_std": 11.242880719099768,
     "success_rate": 0.5
}