{
     "ep_len": [
          47,
          55,
          64,
          15,
          64,
          64,
          64,
          6,
          47,
          10,
          64,
          40,
          39,
          8,
          4,
          58,
          64,
          64,
          32,
          4,
          27,
          19
     ],
     "ep_ret": [
          0.33906249999999993,
          0.2265625,
          0,
          0.7890625,
          0,
          0,
          0,
          0.915625,
          0.33906249999999993,
          0.859375,
          0,
          0.4375,
          0.4515625,
          0.8875,
          0.94375,
          0.18437499999999996,
          0,
          0,
          0.55,
          0.94375,
          0.6203125,
          0.7328125
     ],
     "r_list": [
          0.33906249999999993,
          0.2265625,
          0.7890625,
          0.915625,
          0.33906249999999993,
          0.859375,
          0.4375,
          0.4515625,
          0.8875,
          0.94375,
          0.18437499999999996,
          0.55,
          0.94375,
          0.6203125,
          0.7328125
     ],
     "len_list": [
          47,
          55,
          15,
          6,
          47,
          10,
          40,
          39,
          8,
          4,
          58,
          32,
          4,
          27,
          19
     ],
     "sucess_list": [
          1,
          1,
          0,
          1,
          0,
          0,
          0,
          1,
          1,
          1,
          0,
          1,
          1,
          1,
          1,
          1,
          0,
          0,
          1,
          1,
          1,
          1
     ],
     "r_mean": 0.6146874999999999,
     "r_std": 0.2627744101410942,
     "len_mean": 27.4,
     "len_std": 18.686180276700032,
     "success_rate": 0.6818181818181818
}