{
     "ep_len": [
          49,
          3,
          3,
          3,
          49,
          11,
          7,
          4,
          8,
          2,
          49,
          49,
          41,
          49,
          49,
          2,
          49,
          49,
          49,
          49,
          1,
          49,
          49,
          5,
          5,
          49,
          15,
          5,
          49,
          49,
          49,
          9,
          8,
          49,
          49,
          5,
          2
     ],
     "ep_ret": [
          0,
          0.9448979591836735,
          0.9448979591836735,
          0.9448979591836735,
          0,
          0.7979591836734694,
          0.8714285714285714,
          0.926530612244898,
          0.8530612244897959,
          0.963265306122449,
          0,
          0,
          0.24693877551020404,
          0,
          0,
          0.963265306122449,
          0,
          0,
          0,
          0,
          0.9816326530612245,
          0,
          0,
          0.9081632653061225,
          0.9081632653061225,
          0,
          0.7244897959183674,
          0.9081632653061225,
          0,
          0,
          0,
          0.8346938775510204,
          0.8530612244897959,
          0,
          0,
          0.9081632653061225,
          0.963265306122449
     ],
     "r_list": [
          0.9448979591836735,
          0.9448979591836735,
          0.9448979591836735,
          0.7979591836734694,
          0.8714285714285714,
          0.926530612244898,
          0.8530612244897959,
          0.963265306122449,
          0.24693877551020404,
          0.963265306122449,
          0.9816326530612245,
          0.9081632653061225,
          0.9081632653061225,
          0.7244897959183674,
          0.9081632653061225,
          0.8346938775510204,
          0.8530612244897959,
          0.9081632653061225,
          0.963265306122449
     ],
     "len_list": [
          3,
          3,
          3,
          11,
          7,
          4,
          8,
          2,
          41,
          2,
          1,
          5,
          5,
          15,
          5,
          9,
          8,
          5,
          2
     ],
     "sucess_list": [
          0,
          1,
          1,
          1,
          0,
          1,
          1,
          1,
          1,
          1,
          0,
          0,
          1,
          0,
          0,
          1,
          0,
          0,
          0,
          0,
          1,
          0,
          0,
          1,
          1,
          0,
          1,
          1,
          0,
          0,
          0,
          1,
          1,
          0,
          0,
          1,
          1
     ],
     "r_mean": 0.8656283566058003,
     "r_std": 0.15901594506643732,
     "len_mean": 7.315789473684211,
     "len_std": 8.657534786950476,
     "success_rate": 0.5135135135135135
}