{
     "ep_len": [
          64,
          64,
          26,
          2,
          64,
          14,
          64,
          37,
          64,
          46,
          10,
          4,
          8,
          5,
          3,
          6,
          5,
          21,
          14,
          10,
          21,
          64,
          19,
          2,
          51,
          15,
          64,
          64,
          36,
          51
     ],
     "ep_ret": [
          0,
          0,
          0.6343749999999999,
          0.971875,
          0,
          0.803125,
          0,
          0.47968749999999993,
          0,
          0.353125,
          0.859375,
          0.94375,
          0.8875,
          0.9296875,
          0.9578125,
          0.915625,
          0.9296875,
          0.7046874999999999,
          0.803125,
          0.859375,
          0.7046874999999999,
          0,
          0.7328125,
          0.971875,
          0.2828125,
          0.7890625,
          0,
          0,
          0.49375,
          0.2828125
     ],
     "r_list": [
          0.6343749999999999,
          0.971875,
          0.803125,
          0.47968749999999993,
          0.353125,
          0.859375,
          0.94375,
          0.8875,
          0.9296875,
          0.9578125,
          0.915625,
          0.9296875,
          0.7046874999999999,
          0.803125,
          0.859375,
          0.7046874999999999,
          0.7328125,
          0.971875,
          0.2828125,
          0.7890625,
          0.49375,
          0.2828125
     ],
     "len_list": [
          26,
          2,
          14,
          37,
          46,
          10,
          4,
          8,
          5,
          3,
          6,
          5,
          21,
          14,
          10,
          21,
          19,
          2,
          51,
          15,
          36,
          51
     ],
     "sucess_list": [
          0,
          0,
          1,
          1,
          0,
          1,
          0,
          1,
          0,
          1,
          1,
          1,
          1,
          1,
          1,
          1,
          1,
          1,
          1,
          1,
          1,
          0,
          1,
          1,
          1,
          1,
          0,
          0,
          1,
          1
     ],
     "r_mean": 0.7404829545454544,
     "r_std": 0.2205098191016625,
     "len_mean": 18.454545454545453,
     "len_std": 15.680698247229337,
     "success_rate": 0.7333333333333333
}