{
     "ep_len": [
          36,
          9,
          36,
          36,
          36,
          36,
          3,
          12,
          36,
          12,
          36,
          36,
          36,
          2,
          3,
          3,
          11,
          4,
          36,
          36,
          36,
          36,
          2,
          36,
          2,
          36,
          36,
          6,
          6,
          36,
          36,
          36,
          36,
          36,
          36,
          36,
          5,
          36,
          4,
          36,
          36
     ],
     "ep_ret": [
          0,
          0.775,
          0,
          0,
          0,
          0,
          0.925,
          0.7,
          0,
          0.7,
          0,
          0,
          0,
          0.95,
          0.925,
          0.925,
          0.725,
          0.9,
          0,
          0,
          0,
          0,
          0.95,
          0,
          0.95,
          0,
          0,
          0.85,
          0.85,
          0,
          0,
          0,
          0,
          0,
          0,
          0,
          0.875,
          0,
          0.9,
          0,
          0
     ],
     "r_list": [
          0.775,
          0.925,
          0.7,
          0.7,
          0.95,
          0.925,
          0.925,
          0.725,
          0.9,
          0.95,
          0.95,
          0.85,
          0.85,
          0.875,
          0.9
     ],
     "len_list": [
          9,
          3,
          12,
          12,
          2,
          3,
          3,
          11,
          4,
          2,
          2,
          6,
          6,
          5,
          4
     ],
     "sucess_list": [
          0,
          1,
          0,
          0,
          0,
          0,
          1,
          1,
          0,
          1,
          0,
          0,
          0,
          1,
          1,
          1,
          1,
          1,
          0,
          0,
          0,
          0,
          1,
          0,
          1,
          0,
          0,
          1,
          1,
          0,
          0,
          0,
          0,
          0,
          0,
          0,
          1,
          0,
          1,
          0,
          0
     ],
     "r_mean": 0.8599999999999999,
     "r_std": 0.08841191473249897,
     "len_mean": 5.6,
     "len_std": 3.5364765892999586,
     "success_rate": 0.36585365853658536
}