{
     "ep_len": [
          6,
          49,
          5,
          4,
          49,
          8,
          2,
          2,
          3,
          11,
          2,
          13,
          2,
          7,
          9,
          12,
          49,
          2,
          2,
          4,
          2,
          4,
          6,
          49,
          2,
          8,
          8,
          6,
          49,
          49,
          2,
          3,
          2,
          49,
          10,
          49,
          3,
          2,
          49,
          49,
          4,
          8,
          3,
          3,
          49,
          2,
          18,
          5,
          4,
          3,
          49,
          4,
          49,
          3,
          6,
          6,
          2,
          12,
          2,
          5,
          2,
          49,
          10,
          6,
          49,
          2,
          5,
          9
     ],
     "ep_ret": [
          0,
          0,
          0,
          0,
          0,
          0.8530612244897959,
          0,
          0,
          0.9448979591836735,
          0.7979591836734694,
          0,
          0,
          0,
          0.8714285714285714,
          0.8346938775510204,
          0,
          0,
          0.963265306122449,
          0,
          0,
          0.963265306122449,
          0,
          0.889795918367347,
          0,
          0.963265306122449,
          0,
          0,
          0,
          0,
          0,
          0.963265306122449,
          0.9448979591836735,
          0,
          0,
          0.8163265306122449,
          0,
          0,
          0.963265306122449,
          0,
          0,
          0,
          0.8530612244897959,
          0.9448979591836735,
          0,
          0,
          0,
          0,
          0,
          0,
          0.9448979591836735,
          0,
          0,
          0,
          0.9448979591836735,
          0.889795918367347,
          0.889795918367347,
          0,
          0.7795918367346939,
          0.963265306122449,
          0,
          0,
          0,
          0,
          0,
          0,
          0,
          0,
          0
     ],
     "r_list": [
          0.8530612244897959,
          0.9448979591836735,
          0.7979591836734694,
          0.8714285714285714,
          0.8346938775510204,
          0.963265306122449,
          0.963265306122449,
          0.889795918367347,
          0.963265306122449,
          0.963265306122449,
          0.9448979591836735,
          0.8163265306122449,
          0.963265306122449,
          0.8530612244897959,
          0.9448979591836735,
          0.9448979591836735,
          0.9448979591836735,
          0.889795918367347,
          0.889795918367347,
          0.7795918367346939,
          0.963265306122449
     ],
     "len_list": [
          8,
          3,
          11,
          7,
          9,
          2,
          2,
          6,
          2,
          2,
          3,
          10,
          2,
          8,
          3,
          3,
          3,
          6,
          6,
          12,
          2
     ],
     "sucess_list": [
          0,
          0,
          0,
          0,
          0,
          1,
          0,
          0,
          1,
          1,
          0,
          0,
          0,
          1,
          1,
          0,
          0,
          1,
          0,
          0,
          1,
          0,
          1,
          0,
          1,
          0,
          0,
          0,
          0,
          0,
          1,
          1,
          0,
          0,
          1,
          0,
          0,
          1,
          0,
          0,
          0,
          1,
          1,
          0,
          0,
          0,
          0,
          0,
          0,
          1,
          0,
          0,
          0,
          1,
          1,
          1,
          0,
          1,
          1,
          0,
          0,
          0,
          0,
          0,
          0,
          0,
          0,
          0
     ],
     "r_mean": 0.9037900874635569,
     "r_std": 0.0599619935895135,
     "len_mean": 5.238095238095238,
     "len_std": 3.264597428762402,
     "success_rate": 0.3088235294117647
}