{
     "ep_len": [
          64,
          64,
          64,
          64,
          64,
          64,
          28,
          2,
          10,
          2,
          24,
          3,
          5,
          1,
          15,
          64,
          64,
          64,
          24,
          64,
          64,
          64,
          64,
          3,
          5,
          10
     ],
     "ep_ret": [
          0,
          0,
          0,
          0,
          0,
          0,
          0.60625,
          0.971875,
          0.859375,
          0.971875,
          0.6625,
          0.9578125,
          0.9296875,
          0.9859375,
          0.7890625,
          0,
          0,
          0,
          0.6625,
          0,
          0,
          0,
          0,
          0.9578125,
          0.9296875,
          0.859375
     ],
     "r_list": [
          0.60625,
          0.971875,
          0.859375,
          0.971875,
          0.6625,
          0.9578125,
          0.9296875,
          0.9859375,
          0.7890625,
          0.6625,
          0.9578125,
          0.9296875,
          0.859375
     ],
     "len_list": [
          28,
          2,
          10,
          2,
          24,
          3,
          5,
          1,
          15,
          24,
          3,
          5,
          10
     ],
     "sucess_list": [
          0,
          0,
          0,
          0,
          0,
          0,
          1,
          1,
          1,
          1,
          1,
          1,
          1,
          1,
          1,
          0,
          0,
          0,
          1,
          0,
          0,
          0,
          0,
          1,
          1,
          1
     ],
     "r_mean": 0.8572115384615384,
     "r_std": 0.1292204263761169,
     "len_mean": 10.153846153846153,
     "len_std": 9.1890080978572,
     "success_rate": 0.5
}