{
     "ep_len": [
          7,
          5,
          4,
          5,
          6,
          64,
          64,
          38,
          64,
          64,
          3,
          64,
          64,
          64,
          64,
          64,
          13,
          64,
          34,
          3,
          64,
          64,
          64,
          64
     ],
     "ep_ret": [
          0.9015625,
          0.9296875,
          0.94375,
          0.9296875,
          0.915625,
          0,
          0,
          0.46562499999999996,
          0,
          0,
          0.9578125,
          0,
          0,
          0,
          0,
          0,
          0.8171875,
          0,
          0.521875,
          0.9578125,
          0,
          0,
          0,
          0
     ],
     "r_list": [
          0.9015625,
          0.9296875,
          0.94375,
          0.9296875,
          0.915625,
          0.46562499999999996,
          0.9578125,
          0.8171875,
          0.521875,
          0.9578125
     ],
     "len_list": [
          7,
          5,
          4,
          5,
          6,
          38,
          3,
          13,
          34,
          3
     ],
     "sucess_list": [
          1,
          1,
          1,
          1,
          1,
          0,
          0,
          1,
          0,
          0,
          1,
          0,
          0,
          0,
          0,
          0,
          1,
          0,
          1,
          1,
          0,
          0,
          0,
          0
     ],
     "r_mean": 0.8340624999999999,
     "r_std": 0.1748280405141006,
     "len_mean": 11.8,
     "len_std": 12.432216214336043,
     "success_rate": 0.4166666666666667
}