{
     "ep_len": [
          6,
          5,
          4,
          4,
          3,
          2,
          5,
          12,
          15,
          4,
          8,
          49,
          7,
          49,
          2,
          4,
          7,
          3,
          2,
          5,
          4,
          7,
          5,
          2,
          3,
          11,
          3,
          9,
          49,
          4,
          3,
          12,
          11,
          49,
          3,
          7,
          7,
          5,
          2,
          4,
          3,
          2,
          5,
          3,
          2,
          5,
          4,
          4,
          3,
          49,
          2,
          5,
          2,
          6,
          3,
          49,
          10,
          5,
          5,
          3,
          4,
          4,
          49,
          6,
          3,
          7,
          4,
          12,
          2,
          49,
          6,
          8,
          7,
          3,
          5,
          5,
          7,
          3,
          8,
          3,
          3,
          9,
          3,
          8,
          3,
          2,
          49,
          7,
          49,
          2,
          7,
          4,
          6,
          8,
          8,
          2,
          15,
          2,
          3,
          8,
          4,
          2,
          2,
          5,
          5,
          2,
          5,
          2,
          5,
          15
     ],
     "ep_ret": [
          0.889795918367347,
          0,
          0,
          0,
          0.9448979591836735,
          0,
          0,
          0,
          0,
          0.926530612244898,
          0.8530612244897959,
          0,
          0,
          0,
          0.963265306122449,
          0.926530612244898,
          0.8714285714285714,
          0,
          0.963265306122449,
          0.9081632653061225,
          0.926530612244898,
          0.8714285714285714,
          0,
          0,
          0,
          0,
          0,
          0,
          0,
          0,
          0,
          0,
          0,
          0,
          0.9448979591836735,
          0,
          0,
          0.9081632653061225,
          0.963265306122449,
          0,
          0.9448979591836735,
          0.963265306122449,
          0,
          0,
          0,
          0,
          0.926530612244898,
          0,
          0,
          0,
          0,
          0,
          0,
          0,
          0,
          0,
          0,
          0.9081632653061225,
          0.9081632653061225,
          0,
          0,
          0,
          0,
          0,
          0.9448979591836735,
          0,
          0.926530612244898,
          0.7795918367346939,
          0.963265306122449,
          0,
          0,
          0,
          0,
          0,
          0,
          0,
          0,
          0,
          0,
          0,
          0,
          0,
          0,
          0.8530612244897959,
          0,
          0,
          0,
          0.8714285714285714,
          0,
          0,
          0,
          0,
          0,
          0.8530612244897959,
          0,
          0,
          0.7244897959183674,
          0.963265306122449,
          0,
          0,
          0,
          0,
          0,
          0,
          0,
          0,
          0.9081632653061225,
          0.963265306122449,
          0,
          0
     ],
     "r_list": [
          0.889795918367347,
          0.9448979591836735,
          0.926530612244898,
          0.8530612244897959,
          0.963265306122449,
          0.926530612244898,
          0.8714285714285714,
          0.963265306122449,
          0.9081632653061225,
          0.926530612244898,
          0.8714285714285714,
          0.9448979591836735,
          0.9081632653061225,
          0.963265306122449,
          0.9448979591836735,
          0.963265306122449,
          0.926530612244898,
          0.9081632653061225,
          0.9081632653061225,
          0.9448979591836735,
          0.926530612244898,
          0.7795918367346939,
          0.963265306122449,
          0.8530612244897959,
          0.8714285714285714,
          0.8530612244897959,
          0.7244897959183674,
          0.963265306122449,
          0.9081632653061225,
          0.963265306122449
     ],
     "len_list": [
          6,
          3,
          4,
          8,
          2,
          4,
          7,
          2,
          5,
          4,
          7,
          3,
          5,
          2,
          3,
          2,
          4,
          5,
          5,
          3,
          4,
          12,
          2,
          8,
          7,
          8,
          15,
          2,
          5,
          2
     ],
     "sucess_list": [
          1,
          0,
          0,
          0,
          1,
          0,
          0,
          0,
          0,
          1,
          1,
          0,
          0,
          0,
          1,
          1,
          1,
          0,
          1,
          1,
          1,
          1,
          0,
          0,
          0,
          0,
          0,
          0,
          0,
          0,
          0,
          0,
          0,
          0,
          1,
          0,
          0,
          1,
          1,
          0,
          1,
          1,
          0,
          0,
          0,
          0,
          1,
          0,
          0,
          0,
          0,
          0,
          0,
          0,
          0,
          0,
          0,
          1,
          1,
          0,
          0,
          0,
          0,
          0,
          1,
          0,
          1,
          1,
          1,
          0,
          0,
          0,
          0,
          0,
          0,
          0,
          0,
          0,
          0,
          0,
          0,
          0,
          0,
          1,
          0,
          0,
          0,
          1,
          0,
          0,
          0,
          0,
          0,
          1,
          0,
          0,
          1,
          1,
          0,
          0,
          0,
          0,
          0,
          0,
          0,
          0,
          1,
          1,
          0,
          0
     ],
     "r_mean": 0.9087755102040815,
     "r_std": 0.05540393489334464,
     "len_mean": 4.966666666666667,
     "len_std": 3.0164364553043197,
     "success_rate": 0.2727272727272727
}