{
     "ep_len": [
          36,
          36,
          12,
          12,
          23,
          36,
          36,
          36,
          8,
          9,
          7,
          36,
          36,
          3,
          36,
          36,
          36,
          5,
          36,
          17,
          11,
          7,
          36,
          36,
          36,
          36,
          3,
          4,
          36,
          36,
          36,
          2,
          10,
          4,
          2,
          36,
          3,
          36,
          36,
          36,
          9,
          36,
          8,
          36
     ],
     "ep_ret": [
          0,
          0,
          0.7,
          0.7,
          0.42500000000000004,
          0,
          0,
          0,
          0.8,
          0.775,
          0.825,
          0,
          0,
          0.925,
          0,
          0,
          0,
          0.875,
          0,
          0.575,
          0.725,
          0.825,
          0,
          0,
          0,
          0,
          0.925,
          0.9,
          0,
          0,
          0,
          0.95,
          0.75,
          0.9,
          0.95,
          0,
          0.925,
          0,
          0,
          0,
          0.775,
          0,
          0.8,
          0
     ],
     "r_list": [
          0.7,
          0.7,
          0.42500000000000004,
          0.8,
          0.775,
          0.825,
          0.925,
          0.875,
          0.575,
          0.725,
          0.825,
          0.925,
          0.9,
          0.95,
          0.75,
          0.9,
          0.95,
          0.925,
          0.775,
          0.8
     ],
     "len_list": [
          12,
          12,
          23,
          8,
          9,
          7,
          3,
          5,
          17,
          11,
          7,
          3,
          4,
          2,
          10,
          4,
          2,
          3,
          9,
          8
     ],
     "sucess_list": [
          0,
          0,
          1,
          1,
          1,
          0,
          0,
          0,
          1,
          1,
          1,
          0,
          0,
          1,
          0,
          0,
          0,
          1,
          0,
          1,
          1,
          1,
          0,
          0,
          0,
          0,
          1,
          1,
          0,
          0,
          0,
          1,
          1,
          1,
          1,
          0,
          1,
          0,
          0,
          0,
          1,
          0,
          1,
          0
     ],
     "r_mean": 0.8012499999999999,
     "r_std": 0.1302581571342079,
     "len_mean": 7.95,
     "len_std": 5.210326285368318,
     "success_rate": 0.45454545454545453
}