{
     "ep_len": [
          64,
          26,
          31,
          2,
          5,
          2,
          64,
          40,
          19,
          64,
          64,
          20,
          21,
          64,
          11,
          64,
          64,
          64,
          64,
          64,
          64,
          64,
          64
     ],
     "ep_ret": [
          0,
          0.6343749999999999,
          0.5640624999999999,
          0.971875,
          0.9296875,
          0.971875,
          0,
          0.4375,
          0.7328125,
          0,
          0,
          0.71875,
          0.7046874999999999,
          0,
          0.8453125,
          0,
          0,
          0,
          0,
          0,
          0,
          0,
          0
     ],
     "r_list": [
          0.6343749999999999,
          0.5640624999999999,
          0.971875,
          0.9296875,
          0.971875,
          0.4375,
          0.7328125,
          0.71875,
          0.7046874999999999,
          0.8453125
     ],
     "len_list": [
          26,
          31,
          2,
          5,
          2,
          40,
          19,
          20,
          21,
          11
     ],
     "sucess_list": [
          0,
          1,
          1,
          1,
          1,
          1,
          0,
          1,
          1,
          0,
          0,
          1,
          1,
          0,
          1,
          0,
          0,
          0,
          0,
          0,
          0,
          0,
          0
     ],
     "r_mean": 0.7510937500000001,
     "r_std": 0.16992365300793916,
     "len_mean": 17.7,
     "len_std": 12.08345976945345,
     "success_rate": 0.43478260869565216
}