{
     "ep_len": [
          64,
          64,
          19,
          64,
          3,
          12,
          5,
          45,
          64,
          8,
          50,
          11,
          64,
          3,
          5,
          64,
          48,
          64,
          11,
          2,
          64,
          64,
          64,
          64,
          1
     ],
     "ep_ret": [
          0,
          0,
          0.7328125,
          0,
          0.9578125,
          0.83125,
          0.9296875,
          0.3671875,
          0,
          0.8875,
          0.296875,
          0.8453125,
          0.09999999999999998,
          0.9578125,
          0.9296875,
          0,
          0.32499999999999996,
          0,
          0.8453125,
          0.971875,
          0,
          0,
          0,
          0,
          0.9859375
     ],
     "r_list": [
          0.7328125,
          0.9578125,
          0.83125,
          0.9296875,
          0.3671875,
          0.8875,
          0.296875,
          0.8453125,
          0.09999999999999998,
          0.9578125,
          0.9296875,
          0.32499999999999996,
          0.8453125,
          0.971875,
          0.9859375
     ],
     "len_list": [
          19,
          3,
          12,
          5,
          45,
          8,
          50,
          11,
          64,
          3,
          5,
          48,
          11,
          2,
          1
     ],
     "sucess_list": [
          0,
          0,
          1,
          0,
          1,
          1,
          1,
          1,
          0,
          1,
          1,
          1,
          1,
          1,
          1,
          0,
          1,
          0,
          1,
          1,
          0,
          0,
          0,
          0,
          1
     ],
     "r_mean": 0.7309375,
     "r_std": 0.28860081373326024,
     "len_mean": 19.133333333333333,
     "len_std": 20.522724532142952,
     "success_rate": 0.6
}