{
     "ep_len": [
          43,
          5,
          49,
          49,
          47,
          20,
          18,
          5,
          2,
          10,
          27,
          49,
          26,
          15,
          26,
          8,
          10,
          8,
          15,
          49,
          16,
          30,
          43,
          2,
          49,
          49,
          2,
          3,
          6,
          14,
          4,
          49,
          2,
          49,
          14
     ],
     "ep_ret": [
          0.21020408163265303,
          0.9081632653061225,
          0,
          0,
          0.136734693877551,
          0.6326530612244898,
          0.6693877551020408,
          0.9081632653061225,
          0.963265306122449,
          0.8163265306122449,
          0.5040816326530613,
          0,
          0.5224489795918367,
          0.7244897959183674,
          0.5224489795918367,
          0.8530612244897959,
          0.8163265306122449,
          0.8530612244897959,
          0.7244897959183674,
          0,
          0.7061224489795919,
          0.44897959183673464,
          0.21020408163265303,
          0.963265306122449,
          0,
          0,
          0.963265306122449,
          0.9448979591836735,
          0.889795918367347,
          0.7428571428571429,
          0.926530612244898,
          0,
          0.963265306122449,
          0,
          0.7428571428571429
     ],
     "r_list": [
          0.21020408163265303,
          0.9081632653061225,
          0.136734693877551,
          0.6326530612244898,
          0.6693877551020408,
          0.9081632653061225,
          0.963265306122449,
          0.8163265306122449,
          0.5040816326530613,
          0.5224489795918367,
          0.7244897959183674,
          0.5224489795918367,
          0.8530612244897959,
          0.8163265306122449,
          0.8530612244897959,
          0.7244897959183674,
          0.7061224489795919,
          0.44897959183673464,
          0.21020408163265303,
          0.963265306122449,
          0.963265306122449,
          0.9448979591836735,
          0.889795918367347,
          0.7428571428571429,
          0.926530612244898,
          0.963265306122449,
          0.7428571428571429
     ],
     "len_list": [
          43,
          5,
          47,
          20,
          18,
          5,
          2,
          10,
          27,
          26,
          15,
          26,
          8,
          10,
          8,
          15,
          16,
          30,
          43,
          2,
          2,
          3,
          6,
          14,
          4,
          2,
          14
     ],
     "sucess_list": [
          1,
          1,
          0,
          0,
          1,
          1,
          1,
          1,
          1,
          1,
          1,
          0,
          1,
          1,
          1,
          1,
          1,
          1,
          1,
          0,
          1,
          1,
          1,
          1,
          0,
          0,
          1,
          1,
          1,
          1,
          1,
          0,
          1,
          0,
          1
     ],
     "r_mean": 0.7136054421768707,
     "r_std": 0.23975514682095325,
     "len_mean": 15.592592592592593,
     "len_std": 13.05333577136301,
     "success_rate": 0.7714285714285715
}