{
     "ep_len": [
          1,
          28,
          4,
          44,
          64,
          64,
          51,
          16,
          1,
          64,
          19,
          6,
          36,
          64,
          64,
          19,
          64,
          64,
          64,
          64,
          36
     ],
     "ep_ret": [
          0.9859375,
          0.60625,
          0.94375,
          0.38125,
          0,
          0,
          0.2828125,
          0.775,
          0.9859375,
          0,
          0.7328125,
          0.915625,
          0.49375,
          0,
          0,
          0.7328125,
          0,
          0,
          0,
          0,
          0.49375
     ],
     "r_list": [
          0.9859375,
          0.60625,
          0.94375,
          0.38125,
          0.2828125,
          0.775,
          0.9859375,
          0.7328125,
          0.915625,
          0.49375,
          0.7328125,
          0.49375
     ],
     "len_list": [
          1,
          28,
          4,
          44,
          51,
          16,
          1,
          19,
          6,
          36,
          19,
          36
     ],
     "sucess_list": [
          1,
          1,
          1,
          1,
          0,
          0,
          1,
          1,
          1,
          0,
          1,
          1,
          1,
          0,
          0,
          1,
          0,
          0,
          0,
          0,
          1
     ],
     "r_mean": 0.6941406250000001,
     "r_std": 0.23207563495937458,
     "len_mean": 21.75,
     "len_std": 16.503156263777747,
     "success_rate": 0.5714285714285714
}