{
     "ep_len": [
          5,
          6,
          36,
          9,
          6,
          3,
          4,
          5,
          36,
          2,
          23,
          19,
          3,
          7,
          36,
          4,
          36,
          16,
          2,
          25,
          5,
          4,
          21,
          4,
          36,
          30,
          10,
          36,
          7,
          36,
          35,
          6,
          36,
          5,
          30,
          36,
          8,
          6,
          36,
          36,
          8,
          26,
          1,
          9,
          6,
          17,
          36,
          36,
          2,
          1,
          9,
          11,
          36,
          2
     ],
     "ep_ret": [
          0.875,
          0.85,
          0,
          0.775,
          0.85,
          0.925,
          0.9,
          0.875,
          0,
          0.95,
          0.42500000000000004,
          0.5249999999999999,
          0.925,
          0.825,
          0,
          0.9,
          0,
          0.6000000000000001,
          0.95,
          0.375,
          0.875,
          0.9,
          0.475,
          0.9,
          0,
          0.25,
          0.75,
          0,
          0.825,
          0,
          0.125,
          0.85,
          0,
          0.875,
          0.25,
          0,
          0.8,
          0.85,
          0,
          0,
          0.8,
          0.35,
          0.975,
          0.775,
          0.85,
          0.575,
          0,
          0,
          0.95,
          0.975,
          0.775,
          0.725,
          0,
          0.95
     ],
     "r_list": [
          0.875,
          0.85,
          0.775,
          0.85,
          0.925,
          0.9,
          0.875,
          0.95,
          0.42500000000000004,
          0.5249999999999999,
          0.925,
          0.825,
          0.9,
          0.6000000000000001,
          0.95,
          0.375,
          0.875,
          0.9,
          0.475,
          0.9,
          0.25,
          0.75,
          0.825,
          0.125,
          0.85,
          0.875,
          0.25,
          0.8,
          0.85,
          0.8,
          0.35,
          0.975,
          0.775,
          0.85,
          0.575,
          0.95,
          0.975,
          0.775,
          0.725,
          0.95
     ],
     "len_list": [
          5,
          6,
          9,
          6,
          3,
          4,
          5,
          2,
          23,
          19,
          3,
          7,
          4,
          16,
          2,
          25,
          5,
          4,
          21,
          4,
          30,
          10,
          7,
          35,
          6,
          5,
          30,
          8,
          6,
          8,
          26,
          1,
          9,
          6,
          17,
          2,
          1,
          9,
          11,
          2
     ],
     "sucess_list": [
          1,
          1,
          0,
          1,
          1,
          1,
          1,
          1,
          0,
          1,
          1,
          1,
          1,
          1,
          0,
          1,
          0,
          1,
          1,
          1,
          1,
          1,
          1,
          1,
          0,
          1,
          1,
          0,
          1,
          0,
          1,
          1,
          0,
          1,
          1,
          0,
          1,
          1,
          0,
          0,
          1,
          1,
          1,
          1,
          1,
          1,
          0,
          0,
          1,
          1,
          1,
          1,
          0,
          1
     ],
     "r_mean": 0.74875,
     "r_std": 0.2247185739986795,
     "len_mean": 10.05,
     "len_std": 8.98874295994718,
     "success_rate": 0.7407407407407407
}