{
     "ep_len": [
          4,
          64,
          64,
          64,
          4,
          7,
          64,
          4,
          64,
          4,
          7,
          64,
          13,
          64,
          64,
          7,
          64,
          3,
          64,
          3,
          64,
          64,
          64,
          4,
          64,
          2,
          64
     ],
     "ep_ret": [
          0.94375,
          0,
          0,
          0,
          0.94375,
          0.9015625,
          0,
          0.94375,
          0,
          0.94375,
          0.9015625,
          0,
          0.8171875,
          0,
          0,
          0.9015625,
          0,
          0.9578125,
          0,
          0.9578125,
          0,
          0,
          0,
          0.94375,
          0,
          0.971875,
          0
     ],
     "r_list": [
          0.94375,
          0.94375,
          0.9015625,
          0.94375,
          0.94375,
          0.9015625,
          0.8171875,
          0.9015625,
          0.9578125,
          0.9578125,
          0.94375,
          0.971875
     ],
     "len_list": [
          4,
          4,
          7,
          4,
          4,
          7,
          13,
          7,
          3,
          3,
          4,
          2
     ],
     "sucess_list": [
          1,
          0,
          0,
          0,
          1,
          1,
          0,
          1,
          0,
          1,
          1,
          0,
          1,
          0,
          0,
          1,
          0,
          1,
          0,
          1,
          0,
          0,
          0,
          1,
          0,
          1,
          0
     ],
     "r_mean": 0.9273437499999999,
     "r_std": 0.04011853773896177,
     "len_mean": 5.166666666666667,
     "len_std": 2.852873794770615,
     "success_rate": 0.4444444444444444
}