{
     "ep_len": [
          3,
          13,
          3,
          3,
          3,
          10,
          2,
          1,
          31,
          10,
          2,
          3,
          2,
          7,
          7,
          5,
          10,
          36,
          1,
          12,
          2,
          21,
          8,
          3,
          4,
          18,
          11,
          6,
          2,
          36,
          18,
          11,
          4,
          2,
          26,
          3,
          7,
          3,
          2,
          9,
          36,
          10,
          1,
          2,
          10,
          4,
          19,
          2,
          2,
          7,
          8,
          5,
          5,
          28,
          12,
          11,
          7,
          7,
          3,
          6,
          4,
          9,
          30,
          3,
          2,
          2,
          12,
          18
     ],
     "ep_ret": [
          0.925,
          0.675,
          0.925,
          0.925,
          0.925,
          0.75,
          0.95,
          0.975,
          0.22499999999999998,
          0.75,
          0.95,
          0.925,
          0.95,
          0.825,
          0.825,
          0.875,
          0.75,
          0,
          0.975,
          0.7,
          0.95,
          0.475,
          0.8,
          0.925,
          0.9,
          0.55,
          0.725,
          0.85,
          0.95,
          0,
          0.55,
          0.725,
          0.9,
          0.95,
          0.35,
          0.925,
          0.825,
          0.925,
          0.95,
          0.775,
          0,
          0.75,
          0.975,
          0.95,
          0.75,
          0.9,
          0.5249999999999999,
          0.95,
          0.95,
          0.825,
          0.8,
          0.875,
          0.875,
          0.29999999999999993,
          0.7,
          0.725,
          0.825,
          0.825,
          0.925,
          0.85,
          0.9,
          0.775,
          0.25,
          0.925,
          0.95,
          0.95,
          0.7,
          0.55
     ],
     "r_list": [
          0.925,
          0.675,
          0.925,
          0.925,
          0.925,
          0.75,
          0.95,
          0.975,
          0.22499999999999998,
          0.75,
          0.95,
          0.925,
          0.95,
          0.825,
          0.825,
          0.875,
          0.75,
          0.975,
          0.7,
          0.95,
          0.475,
          0.8,
          0.925,
          0.9,
          0.55,
          0.725,
          0.85,
          0.95,
          0.55,
          0.725,
          0.9,
          0.95,
          0.35,
          0.925,
          0.825,
          0.925,
          0.95,
          0.775,
          0.75,
          0.975,
          0.95,
          0.75,
          0.9,
          0.5249999999999999,
          0.95,
          0.95,
          0.825,
          0.8,
          0.875,
          0.875,
          0.29999999999999993,
          0.7,
          0.725,
          0.825,
          0.825,
          0.925,
          0.85,
          0.9,
          0.775,
          0.25,
          0.925,
          0.95,
          0.95,
          0.7,
          0.55
     ],
     "len_list": [
          3,
          13,
          3,
          3,
          3,
          10,
          2,
          1,
          31,
          10,
          2,
          3,
          2,
          7,
          7,
          5,
          10,
          1,
          12,
          2,
          21,
          8,
          3,
          4,
          18,
          11,
          6,
          2,
          18,
          11,
          4,
          2,
          26,
          3,
          7,
          3,
          2,
          9,
          10,
          1,
          2,
          10,
          4,
          19,
          2,
          2,
          7,
          8,
          5,
          5,
          28,
          12,
          11,
          7,
          7,
          3,
          6,
          4,
          9,
          30,
          3,
          2,
          2,
          12,
          18
     ],
     "sucess_list": [
          1,
          1,
          1,
          1,
          1,
          1,
          1,
          1,
          1,
          1,
          1,
          1,
          1,
          1,
          1,
          1,
          1,
          0,
          1,
          1,
          1,
          1,
          1,
          1,
          1,
          1,
          1,
          1,
          1,
          0,
          1,
          1,
          1,
          1,
          1,
          1,
          1,
          1,
          1,
          1,
          0,
          1,
          1,
          1,
          1,
          1,
          1,
          1,
          1,
          1,
          1,
          1,
          1,
          1,
          1,
          1,
          1,
          1,
          1,
          1,
          1,
          1,
          1,
          1,
          1,
          1,
          1,
          1
     ],
     "r_mean": 0.8011538461538462,
     "r_std": 0.18035385993346362,
     "len_mean": 7.953846153846154,
     "len_std": 7.214154397338544,
     "success_rate": 0.9558823529411765
}