{
     "ep_len": [
          25,
          3,
          14,
          36,
          3,
          10,
          1,
          30,
          10,
          23,
          36,
          2,
          6,
          2,
          7,
          36,
          4,
          4,
          6,
          11,
          2,
          13,
          2,
          3,
          3,
          4,
          10,
          29,
          14,
          17,
          5,
          5,
          3,
          27,
          36,
          4,
          3,
          13,
          10,
          6,
          5,
          3,
          4,
          9,
          10,
          3,
          3,
          4,
          2,
          2,
          36,
          10,
          3,
          2,
          8,
          4,
          2,
          29,
          4,
          3,
          1,
          13,
          9,
          15,
          21,
          25,
          10,
          3,
          35,
          23,
          15,
          3,
          1,
          6,
          1,
          2,
          8,
          36,
          3,
          10,
          7,
          6,
          4,
          9,
          8,
          18,
          9
     ],
     "ep_ret": [
          0.375,
          0.925,
          0.6499999999999999,
          0,
          0.925,
          0.75,
          0.975,
          0.25,
          0.75,
          0.42500000000000004,
          0,
          0.95,
          0.85,
          0.95,
          0.825,
          0.09999999999999998,
          0.9,
          0.9,
          0.85,
          0.725,
          0.95,
          0.675,
          0.95,
          0.925,
          0.925,
          0.9,
          0.75,
          0.2749999999999999,
          0.6499999999999999,
          0.575,
          0.875,
          0.875,
          0.925,
          0.32499999999999996,
          0,
          0.9,
          0.925,
          0.675,
          0.75,
          0.85,
          0.875,
          0.925,
          0.9,
          0.775,
          0.75,
          0.925,
          0.925,
          0.9,
          0.95,
          0.95,
          0,
          0.75,
          0.925,
          0.95,
          0.8,
          0.9,
          0.95,
          0.2749999999999999,
          0.9,
          0.925,
          0.975,
          0.675,
          0.775,
          0.625,
          0.475,
          0.375,
          0.75,
          0.925,
          0.125,
          0.42500000000000004,
          0.625,
          0.925,
          0.975,
          0.85,
          0.975,
          0.95,
          0.8,
          0.09999999999999998,
          0.925,
          0.75,
          0.825,
          0.85,
          0.9,
          0.775,
          0.8,
          0.55,
          0.775
     ],
     "r_list": [
          0.375,
          0.925,
          0.6499999999999999,
          0.925,
          0.75,
          0.975,
          0.25,
          0.75,
          0.42500000000000004,
          0.95,
          0.85,
          0.95,
          0.825,
          0.09999999999999998,
          0.9,
          0.9,
          0.85,
          0.725,
          0.95,
          0.675,
          0.95,
          0.925,
          0.925,
          0.9,
          0.75,
          0.2749999999999999,
          0.6499999999999999,
          0.575,
          0.875,
          0.875,
          0.925,
          0.32499999999999996,
          0.9,
          0.925,
          0.675,
          0.75,
          0.85,
          0.875,
          0.925,
          0.9,
          0.775,
          0.75,
          0.925,
          0.925,
          0.9,
          0.95,
          0.95,
          0.75,
          0.925,
          0.95,
          0.8,
          0.9,
          0.95,
          0.2749999999999999,
          0.9,
          0.925,
          0.975,
          0.675,
          0.775,
          0.625,
          0.475,
          0.375,
          0.75,
          0.925,
          0.125,
          0.42500000000000004,
          0.625,
          0.925,
          0.975,
          0.85,
          0.975,
          0.95,
          0.8,
          0.09999999999999998,
          0.925,
          0.75,
          0.825,
          0.85,
          0.9,
          0.775,
          0.8,
          0.55,
          0.775
     ],
     "len_list": [
          25,
          3,
          14,
          3,
          10,
          1,
          30,
          10,
          23,
          2,
          6,
          2,
          7,
          36,
          4,
          4,
          6,
          11,
          2,
          13,
          2,
          3,
          3,
          4,
          10,
          29,
          14,
          17,
          5,
          5,
          3,
          27,
          4,
          3,
          13,
          10,
          6,
          5,
          3,
          4,
          9,
          10,
          3,
          3,
          4,
          2,
          2,
          10,
          3,
          2,
          8,
          4,
          2,
          29,
          4,
          3,
          1,
          13,
          9,
          15,
          21,
          25,
          10,
          3,
          35,
          23,
          15,
          3,
          1,
          6,
          1,
          2,
          8,
          36,
          3,
          10,
          7,
          6,
          4,
          9,
          8,
          18,
          9
     ],
     "sucess_list": [
          1,
          1,
          1,
          0,
          1,
          1,
          1,
          1,
          1,
          1,
          0,
          1,
          1,
          1,
          1,
          1,
          1,
          1,
          1,
          1,
          1,
          1,
          1,
          1,
          1,
          1,
          1,
          1,
          1,
          1,
          1,
          1,
          1,
          1,
          0,
          1,
          1,
          1,
          1,
          1,
          1,
          1,
          1,
          1,
          1,
          1,
          1,
          1,
          1,
          1,
          0,
          1,
          1,
          1,
          1,
          1,
          1,
          1,
          1,
          1,
          1,
          1,
          1,
          1,
          1,
          1,
          1,
          1,
          1,
          1,
          1,
          1,
          1,
          1,
          1,
          1,
          1,
          1,
          1,
          1,
          1,
          1,
          1,
          1,
          1,
          1,
          1
     ],
     "r_mean": 0.7647590361445782,
     "r_std": 0.22276453560197268,
     "len_mean": 9.409638554216867,
     "len_std": 8.910581424078906,
     "success_rate": 0.9540229885057471
}