{
     "ep_len": [
          128,
          82,
          128
     ],
     "ep_ret": [
          0,
          0.4234375,
          0.09999999999999998
     ],
     "r_list": [
          0.4234375,
          0.09999999999999998
     ],
     "len_list": [
          82,
          128
     ],
     "sucess_list": [
          0,
          1,
          1
     ],
     "r_mean": 0.26171875,
     "r_std": 0.16171875000000002,
     "len_mean": 105.0,
     "len_std": 23.0,
     "success_rate": 0.6666666666666666
}