{
     "ep_len": [
          6,
          24,
          7,
          2,
          6,
          31,
          4,
          1,
          4,
          7,
          16,
          5,
          8,
          14,
          4,
          9,
          1,
          5,
          13,
          1,
          15,
          3,
          9,
          7,
          8,
          4,
          3,
          36,
          2,
          7,
          1,
          5,
          20,
          21,
          9,
          10,
          17,
          2,
          4,
          18,
          5,
          2,
          4,
          24,
          3,
          4,
          3,
          10,
          9,
          6,
          1,
          36,
          3,
          23,
          4,
          2,
          3,
          4,
          3,
          4,
          3,
          4,
          30,
          7,
          12,
          9,
          2,
          36,
          26
     ],
     "ep_ret": [
          0.85,
          0.4,
          0.825,
          0.95,
          0.85,
          0.22499999999999998,
          0.9,
          0.975,
          0.9,
          0.825,
          0.6000000000000001,
          0.875,
          0.8,
          0.6499999999999999,
          0.9,
          0.775,
          0.975,
          0.875,
          0.675,
          0.975,
          0.625,
          0.925,
          0.775,
          0.825,
          0.8,
          0.9,
          0.925,
          0,
          0.95,
          0.825,
          0.975,
          0.875,
          0.5,
          0.475,
          0.775,
          0.75,
          0.575,
          0.95,
          0.9,
          0.55,
          0.875,
          0.95,
          0.9,
          0.4,
          0.925,
          0.9,
          0.925,
          0.75,
          0.775,
          0.85,
          0.975,
          0,
          0.925,
          0.42500000000000004,
          0.9,
          0.95,
          0.925,
          0.9,
          0.925,
          0.9,
          0.925,
          0.9,
          0.25,
          0.825,
          0.7,
          0.775,
          0.95,
          0,
          0.35
     ],
     "r_list": [
          0.85,
          0.4,
          0.825,
          0.95,
          0.85,
          0.22499999999999998,
          0.9,
          0.975,
          0.9,
          0.825,
          0.6000000000000001,
          0.875,
          0.8,
          0.6499999999999999,
          0.9,
          0.775,
          0.975,
          0.875,
          0.675,
          0.975,
          0.625,
          0.925,
          0.775,
          0.825,
          0.8,
          0.9,
          0.925,
          0.95,
          0.825,
          0.975,
          0.875,
          0.5,
          0.475,
          0.775,
          0.75,
          0.575,
          0.95,
          0.9,
          0.55,
          0.875,
          0.95,
          0.9,
          0.4,
          0.925,
          0.9,
          0.925,
          0.75,
          0.775,
          0.85,
          0.975,
          0.925,
          0.42500000000000004,
          0.9,
          0.95,
          0.925,
          0.9,
          0.925,
          0.9,
          0.925,
          0.9,
          0.25,
          0.825,
          0.7,
          0.775,
          0.95,
          0.35
     ],
     "len_list": [
          6,
          24,
          7,
          2,
          6,
          31,
          4,
          1,
          4,
          7,
          16,
          5,
          8,
          14,
          4,
          9,
          1,
          5,
          13,
          1,
          15,
          3,
          9,
          7,
          8,
          4,
          3,
          2,
          7,
          1,
          5,
          20,
          21,
          9,
          10,
          17,
          2,
          4,
          18,
          5,
          2,
          4,
          24,
          3,
          4,
          3,
          10,
          9,
          6,
          1,
          3,
          23,
          4,
          2,
          3,
          4,
          3,
          4,
          3,
          4,
          30,
          7,
          12,
          9,
          2,
          26
     ],
     "sucess_list": [
          1,
          1,
          1,
          1,
          1,
          1,
          1,
          1,
          1,
          1,
          1,
          1,
          1,
          1,
          1,
          1,
          1,
          1,
          1,
          1,
          1,
          1,
          1,
          1,
          1,
          1,
          1,
          0,
          1,
          1,
          1,
          1,
          1,
          1,
          1,
          1,
          1,
          1,
          1,
          1,
          1,
          1,
          1,
          1,
          1,
          1,
          1,
          1,
          1,
          1,
          1,
          0,
          1,
          1,
          1,
          1,
          1,
          1,
          1,
          1,
          1,
          1,
          1,
          1,
          1,
          1,
          1,
          0,
          1
     ],
     "r_mean": 0.7943181818181819,
     "r_std": 0.18610824148384555,
     "len_mean": 8.227272727272727,
     "len_std": 7.444329659353822,
     "success_rate": 0.9565217391304348
}