{
     "ep_len": [
          5,
          2,
          39,
          31,
          3,
          2,
          2,
          4,
          49,
          3,
          48,
          2,
          49,
          2,
          49,
          9,
          49,
          49,
          2,
          20,
          49,
          49,
          21,
          14,
          9,
          49,
          7,
          4,
          49,
          2,
          10,
          33,
          49,
          49,
          4,
          8,
          2,
          2,
          5,
          17,
          15,
          2,
          36,
          33,
          6,
          49
     ],
     "ep_ret": [
          0,
          0,
          0,
          0.43061224489795913,
          0,
          0,
          0,
          0.926530612244898,
          0,
          0,
          0.11836734693877549,
          0.963265306122449,
          0,
          0,
          0,
          0.8346938775510204,
          0,
          0,
          0,
          0,
          0,
          0,
          0.6142857142857143,
          0,
          0,
          0,
          0.8714285714285714,
          0.926530612244898,
          0,
          0,
          0,
          0.3938775510204082,
          0,
          0,
          0,
          0,
          0.963265306122449,
          0.963265306122449,
          0,
          0,
          0.7244897959183674,
          0,
          0,
          0,
          0.889795918367347,
          0
     ],
     "r_list": [
          0.43061224489795913,
          0.926530612244898,
          0.11836734693877549,
          0.963265306122449,
          0.8346938775510204,
          0.6142857142857143,
          0.8714285714285714,
          0.926530612244898,
          0.3938775510204082,
          0.963265306122449,
          0.963265306122449,
          0.7244897959183674,
          0.889795918367347
     ],
     "len_list": [
          31,
          4,
          48,
          2,
          9,
          21,
          7,
          4,
          33,
          2,
          2,
          15,
          6
     ],
     "sucess_list": [
          0,
          0,
          0,
          1,
          0,
          0,
          0,
          1,
          0,
          0,
          1,
          1,
          0,
          0,
          0,
          1,
          0,
          0,
          0,
          0,
          0,
          0,
          1,
          0,
          0,
          0,
          1,
          1,
          0,
          0,
          0,
          1,
          0,
          0,
          0,
          0,
          1,
          1,
          0,
          0,
          1,
          0,
          0,
          0,
          1,
          0
     ],
     "r_mean": 0.7400313971742544,
     "r_std": 0.26103375402875306,
     "len_mean": 14.153846153846153,
     "len_std": 14.211837719343222,
     "success_rate": 0.2826086956521739
}