{
     "ep_len": [
          49,
          15,
          15,
          49,
          6,
          15,
          36,
          14,
          49,
          8,
          4,
          49,
          49,
          24,
          49,
          49,
          11,
          49,
          7,
          49
     ],
     "ep_ret": [
          0,
          0,
          0,
          0,
          0,
          0,
          0.3387755102040816,
          0.7428571428571429,
          0,
          0.8530612244897959,
          0.926530612244898,
          0,
          0,
          0,
          0,
          0,
          0.7979591836734694,
          0,
          0.8714285714285714,
          0
     ],
     "r_list": [
          0.3387755102040816,
          0.7428571428571429,
          0.8530612244897959,
          0.926530612244898,
          0.7979591836734694,
          0.8714285714285714
     ],
     "len_list": [
          36,
          14,
          8,
          4,
          11,
          7
     ],
     "sucess_list": [
          0,
          0,
          0,
          0,
          0,
          0,
          1,
          1,
          0,
          1,
          1,
          0,
          0,
          0,
          0,
          0,
          1,
          0,
          1,
          0
     ],
     "r_mean": 0.7551020408163266,
     "r_std": 0.19486323015721896,
     "len_mean": 13.333333333333334,
     "len_std": 10.6092203085597,
     "success_rate": 0.3
}