{
     "ep_len": [
          9,
          4,
          6,
          13,
          4,
          7,
          49,
          26,
          5,
          24,
          5,
          5,
          49,
          35,
          3,
          24,
          48,
          4,
          5,
          10,
          29,
          3,
          40,
          3,
          5,
          4,
          13,
          6,
          22,
          7,
          14,
          4,
          3,
          9,
          9,
          28,
          10,
          9,
          2,
          2,
          4,
          3,
          3,
          13,
          11,
          15,
          4,
          17,
          12,
          2,
          2,
          49,
          10,
          4,
          3,
          49,
          2,
          10,
          2,
          19,
          29,
          17,
          19,
          13,
          5,
          20,
          6,
          7,
          4,
          11,
          6,
          3,
          4,
          9,
          3
     ],
     "ep_ret": [
          0,
          0,
          0,
          0,
          0.926530612244898,
          0,
          0,
          0.5224489795918367,
          0.9081632653061225,
          0,
          0,
          0,
          0,
          0,
          0.9448979591836735,
          0,
          0.11836734693877549,
          0.926530612244898,
          0,
          0,
          0.46734693877551015,
          0.9448979591836735,
          0.26530612244897955,
          0,
          0,
          0,
          0,
          0,
          0,
          0,
          0,
          0.926530612244898,
          0,
          0,
          0.8346938775510204,
          0,
          0,
          0,
          0,
          0.963265306122449,
          0.926530612244898,
          0,
          0,
          0,
          0.7979591836734694,
          0.7244897959183674,
          0,
          0.6877551020408164,
          0.7795918367346939,
          0,
          0.963265306122449,
          0.09999999999999998,
          0.8163265306122449,
          0.926530612244898,
          0,
          0,
          0.963265306122449,
          0,
          0.963265306122449,
          0,
          0,
          0,
          0.6510204081632653,
          0.7612244897959184,
          0.9081632653061225,
          0.6326530612244898,
          0.889795918367347,
          0,
          0,
          0.7979591836734694,
          0.889795918367347,
          0,
          0,
          0,
          0
     ],
     "r_list": [
          0.926530612244898,
          0.5224489795918367,
          0.9081632653061225,
          0.9448979591836735,
          0.11836734693877549,
          0.926530612244898,
          0.46734693877551015,
          0.9448979591836735,
          0.26530612244897955,
          0.926530612244898,
          0.8346938775510204,
          0.963265306122449,
          0.926530612244898,
          0.7979591836734694,
          0.7244897959183674,
          0.6877551020408164,
          0.7795918367346939,
          0.963265306122449,
          0.09999999999999998,
          0.8163265306122449,
          0.926530612244898,
          0.963265306122449,
          0.963265306122449,
          0.6510204081632653,
          0.7612244897959184,
          0.9081632653061225,
          0.6326530612244898,
          0.889795918367347,
          0.7979591836734694,
          0.889795918367347
     ],
     "len_list": [
          4,
          26,
          5,
          3,
          48,
          4,
          29,
          3,
          40,
          4,
          9,
          2,
          4,
          11,
          15,
          17,
          12,
          2,
          49,
          10,
          4,
          2,
          2,
          19,
          13,
          5,
          20,
          6,
          11,
          6
     ],
     "sucess_list": [
          0,
          0,
          0,
          0,
          1,
          0,
          0,
          1,
          1,
          0,
          0,
          0,
          0,
          0,
          1,
          0,
          1,
          1,
          0,
          0,
          1,
          1,
          1,
          0,
          0,
          0,
          0,
          0,
          0,
          0,
          0,
          1,
          0,
          0,
          1,
          0,
          0,
          0,
          0,
          1,
          1,
          0,
          0,
          0,
          1,
          1,
          0,
          1,
          1,
          0,
          1,
          1,
          1,
          1,
          0,
          0,
          1,
          0,
          1,
          0,
          0,
          0,
          1,
          1,
          1,
          1,
          1,
          0,
          0,
          1,
          1,
          0,
          0,
          0,
          0
     ],
     "r_mean": 0.7642857142857143,
     "r_std": 0.24014130575669185,
     "len_mean": 12.833333333333334,
     "len_std": 13.074359980086554,
     "success_rate": 0.4
}