{
     "ep_len": [
          49,
          2,
          49,
          7,
          49,
          49,
          49,
          49,
          49,
          49,
          10,
          6,
          3,
          49,
          7,
          2,
          2,
          6,
          2,
          49,
          49,
          5,
          49,
          49,
          3,
          49,
          49,
          3,
          2,
          12,
          3,
          49,
          14,
          2,
          3,
          2,
          2,
          2,
          3,
          49,
          49
     ],
     "ep_ret": [
          0,
          0,
          0,
          0.8714285714285714,
          0,
          0,
          0,
          0,
          0,
          0,
          0,
          0.889795918367347,
          0.9448979591836735,
          0,
          0,
          0.963265306122449,
          0.963265306122449,
          0.889795918367347,
          0,
          0,
          0,
          0.9081632653061225,
          0,
          0,
          0.9448979591836735,
          0,
          0,
          0,
          0,
          0,
          0,
          0,
          0,
          0,
          0.9448979591836735,
          0,
          0,
          0,
          0.9448979591836735,
          0,
          0
     ],
     "r_list": [
          0.8714285714285714,
          0.889795918367347,
          0.9448979591836735,
          0.963265306122449,
          0.963265306122449,
          0.889795918367347,
          0.9081632653061225,
          0.9448979591836735,
          0.9448979591836735,
          0.9448979591836735
     ],
     "len_list": [
          7,
          6,
          3,
          2,
          2,
          6,
          5,
          3,
          3,
          3
     ],
     "sucess_list": [
          0,
          0,
          0,
          1,
          0,
          0,
          0,
          0,
          0,
          0,
          0,
          1,
          1,
          0,
          0,
          1,
          1,
          1,
          0,
          0,
          0,
          1,
          0,
          0,
          1,
          0,
          0,
          0,
          0,
          0,
          0,
          0,
          0,
          0,
          1,
          0,
          0,
          0,
          1,
          0,
          0
     ],
     "r_mean": 0.926530612244898,
     "r_std": 0.031813178098203866,
     "len_mean": 4.0,
     "len_std": 1.7320508075688772,
     "success_rate": 0.24390243902439024
}