{
     "ep_len": [
          36,
          11,
          36,
          2,
          36,
          3,
          22,
          36,
          36,
          36,
          6,
          36,
          36,
          36,
          36,
          36,
          4,
          36,
          31,
          20,
          21,
          2,
          36,
          36,
          2,
          36,
          1,
          4,
          36,
          36,
          36,
          36,
          36,
          36,
          36,
          13,
          36,
          12,
          2,
          4,
          36
     ],
     "ep_ret": [
          0,
          0.725,
          0,
          0.95,
          0,
          0.925,
          0.44999999999999996,
          0,
          0,
          0,
          0.85,
          0,
          0,
          0,
          0,
          0,
          0.9,
          0,
          0.22499999999999998,
          0.5,
          0.475,
          0.95,
          0,
          0,
          0.95,
          0,
          0.975,
          0.9,
          0,
          0,
          0,
          0,
          0,
          0,
          0,
          0.675,
          0,
          0.7,
          0.95,
          0.9,
          0
     ],
     "r_list": [
          0.725,
          0.95,
          0.925,
          0.44999999999999996,
          0.85,
          0.9,
          0.22499999999999998,
          0.5,
          0.475,
          0.95,
          0.95,
          0.975,
          0.9,
          0.675,
          0.7,
          0.95,
          0.9
     ],
     "len_list": [
          11,
          2,
          3,
          22,
          6,
          4,
          31,
          20,
          21,
          2,
          2,
          1,
          4,
          13,
          12,
          2,
          4
     ],
     "sucess_list": [
          0,
          1,
          0,
          1,
          0,
          1,
          1,
          0,
          0,
          0,
          1,
          0,
          0,
          0,
          0,
          0,
          1,
          0,
          1,
          1,
          1,
          1,
          0,
          0,
          1,
          0,
          1,
          1,
          0,
          0,
          0,
          0,
          0,
          0,
          0,
          1,
          0,
          1,
          1,
          1,
          0
     ],
     "r_mean": 0.7647058823529411,
     "r_std": 0.2206372494565477,
     "len_mean": 9.411764705882353,
     "len_std": 8.825489978261908,
     "success_rate": 0.4146341463414634
}