{
     "ep_len": [
          64,
          64,
          64,
          64,
          64,
          9,
          64,
          64,
          64,
          64,
          64,
          64,
          64,
          64,
          64,
          7,
          64
     ],
     "ep_ret": [
          0,
          0,
          0,
          0,
          0,
          0.8734375,
          0,
          0,
          0,
          0,
          0,
          0,
          0,
          0,
          0,
          0.9015625,
          0
     ],
     "r_list": [
          0.8734375,
          0.9015625
     ],
     "len_list": [
          9,
          7
     ],
     "sucess_list": [
          0,
          0,
          0,
          0,
          0,
          1,
          0,
          0,
          0,
          0,
          0,
          0,
          0,
          0,
          0,
          1,
          0
     ],
     "r_mean": 0.8875,
     "r_std": 0.014062500000000033,
     "len_mean": 8.0,
     "len_std": 1.0,
     "success_rate": 0.11764705882352941
}