{
     "ep_len": [
          2,
          441,
          441
     ],
     "ep_ret": [
          0.9959183673469387,
          0,
          0
     ],
     "r_list": [
          0.9959183673469387
     ],
     "len_list": [
          2
     ],
     "sucess_list": [
          1,
          0,
          0
     ],
     "r_mean": 0.9959183673469387,
     "r_std": 0.0,
     "len_mean": 2.0,
     "len_std": 0.0,
     "success_rate": 0.3333333333333333
}