{
     "ep_len": [
          64,
          64,
          11,
          64,
          64,
          64,
          64,
          64,
          26,
          4,
          64,
          30,
          64,
          64,
          64,
          64,
          64,
          2,
          64
     ],
     "ep_ret": [
          0,
          0,
          0.8453125,
          0,
          0,
          0,
          0,
          0,
          0.6343749999999999,
          0.94375,
          0,
          0.578125,
          0,
          0,
          0,
          0,
          0,
          0.971875,
          0
     ],
     "r_list": [
          0.8453125,
          0.6343749999999999,
          0.94375,
          0.578125,
          0.971875
     ],
     "len_list": [
          11,
          26,
          4,
          30,
          2
     ],
     "sucess_list": [
          0,
          0,
          1,
          0,
          0,
          0,
          0,
          0,
          1,
          1,
          0,
          1,
          0,
          0,
          0,
          0,
          0,
          1,
          0
     ],
     "r_mean": 0.7946875,
     "r_std": 0.16048510444897998,
     "len_mean": 14.6,
     "len_std": 11.412274094149685,
     "success_rate": 0.2631578947368421
}