{
     "ep_len": [
          4,
          16,
          6,
          7,
          64,
          1,
          64,
          10,
          10,
          7,
          3,
          7,
          2,
          64,
          64,
          4,
          64,
          12,
          3,
          12,
          64,
          7,
          16,
          64,
          5,
          64,
          13,
          3,
          21,
          20,
          64,
          9,
          9,
          23,
          30,
          3,
          3,
          4,
          23,
          9,
          7,
          21,
          11,
          18
     ],
     "ep_ret": [
          0.94375,
          0.775,
          0.915625,
          0.9015625,
          0,
          0.9859375,
          0,
          0.859375,
          0.859375,
          0.9015625,
          0.9578125,
          0.9015625,
          0.971875,
          0,
          0,
          0.94375,
          0,
          0.83125,
          0.9578125,
          0.83125,
          0,
          0.9015625,
          0.775,
          0,
          0.9296875,
          0,
          0.8171875,
          0.9578125,
          0.7046874999999999,
          0.71875,
          0,
          0.8734375,
          0.8734375,
          0.6765625,
          0.578125,
          0.9578125,
          0.9578125,
          0.94375,
          0.6765625,
          0.8734375,
          0.9015625,
          0.7046874999999999,
          0.8453125,
          0.746875
     ],
     "r_list": [
          0.94375,
          0.775,
          0.915625,
          0.9015625,
          0.9859375,
          0.859375,
          0.859375,
          0.9015625,
          0.9578125,
          0.9015625,
          0.971875,
          0.94375,
          0.83125,
          0.9578125,
          0.83125,
          0.9015625,
          0.775,
          0.9296875,
          0.8171875,
          0.9578125,
          0.7046874999999999,
          0.71875,
          0.8734375,
          0.8734375,
          0.6765625,
          0.578125,
          0.9578125,
          0.9578125,
          0.94375,
          0.6765625,
          0.8734375,
          0.9015625,
          0.7046874999999999,
          0.8453125,
          0.746875
     ],
     "len_list": [
          4,
          16,
          6,
          7,
          1,
          10,
          10,
          7,
          3,
          7,
          2,
          4,
          12,
          3,
          12,
          7,
          16,
          5,
          13,
          3,
          21,
          20,
          9,
          9,
          23,
          30,
          3,
          3,
          4,
          23,
          9,
          7,
          21,
          11,
          18
     ],
     "sucess_list": [
          1,
          1,
          1,
          1,
          0,
          1,
          0,
          1,
          1,
          1,
          1,
          1,
          1,
          0,
          0,
          1,
          0,
          1,
          1,
          1,
          0,
          1,
          1,
          0,
          1,
          0,
          1,
          1,
          1,
          1,
          0,
          1,
          1,
          1,
          1,
          1,
          1,
          1,
          1,
          1,
          1,
          1,
          1,
          1
     ],
     "r_mean": 0.8557589285714285,
     "r_std": 0.10136950855178599,
     "len_mean": 10.257142857142858,
     "len_std": 7.208498385904781
}