{
     "ep_len": [
          9,
          33,
          103,
          325,
          5
     ],
     "ep_ret": [
          0.9816326530612245,
          0.9326530612244898,
          0.789795918367347,
          0.33673469387755106,
          0.9897959183673469
     ],
     "r_list": [
          0.9816326530612245,
          0.9326530612244898,
          0.789795918367347,
          0.33673469387755106,
          0.9897959183673469
     ],
     "len_list": [
          9,
          33,
          103,
          325,
          5
     ],
     "sucess_list": [
          1,
          1,
          1,
          1,
          1
     ],
     "r_mean": 0.8061224489795917,
     "r_std": 0.24541442140605577,
     "len_mean": 95.0,
     "len_std": 120.25306648896733,
     "success_rate": 1.0
}