{
     "ep_len": [
          5,
          5,
          4,
          9,
          26,
          3,
          8,
          12,
          36,
          4,
          21,
          1,
          5,
          4,
          10,
          15,
          11,
          3,
          6,
          8,
          2,
          36,
          16,
          2,
          10,
          3,
          26,
          9,
          22,
          14,
          8,
          2,
          6,
          7,
          7,
          10,
          3,
          11,
          36,
          9,
          2,
          6,
          11,
          6,
          3,
          11,
          8,
          3,
          8,
          16,
          2,
          11,
          3,
          1,
          5,
          5,
          10,
          5,
          7,
          6,
          26,
          8,
          8,
          2,
          36,
          6,
          1,
          21,
          9,
          2,
          6,
          28,
          24,
          9,
          16,
          9,
          3,
          12,
          2,
          32,
          6,
          3,
          36,
          4,
          6,
          8,
          10,
          35,
          15,
          9,
          3,
          2
     ],
     "ep_ret": [
          0.875,
          0.875,
          0.9,
          0.775,
          0.35,
          0.925,
          0.8,
          0.7,
          0,
          0.9,
          0.475,
          0.975,
          0.875,
          0.9,
          0.75,
          0.625,
          0.725,
          0.925,
          0.85,
          0.8,
          0.95,
          0,
          0.6000000000000001,
          0.95,
          0.75,
          0.925,
          0.35,
          0.775,
          0.44999999999999996,
          0.6499999999999999,
          0.8,
          0.95,
          0.85,
          0.825,
          0.825,
          0.75,
          0.925,
          0.725,
          0,
          0.775,
          0.95,
          0.85,
          0.725,
          0.85,
          0.925,
          0.725,
          0.8,
          0.925,
          0.8,
          0.6000000000000001,
          0.95,
          0.725,
          0.925,
          0.975,
          0.875,
          0.875,
          0.75,
          0.875,
          0.825,
          0.85,
          0.35,
          0.8,
          0.8,
          0.95,
          0,
          0.85,
          0.975,
          0.475,
          0.775,
          0.95,
          0.85,
          0.29999999999999993,
          0.4,
          0.775,
          0.6000000000000001,
          0.775,
          0.925,
          0.7,
          0.95,
          0.20000000000000007,
          0.85,
          0.925,
          0,
          0.9,
          0.85,
          0.8,
          0.75,
          0.125,
          0.625,
          0.775,
          0.925,
          0.95
     ],
     "r_list": [
          0.875,
          0.875,
          0.9,
          0.775,
          0.35,
          0.925,
          0.8,
          0.7,
          0.9,
          0.475,
          0.975,
          0.875,
          0.9,
          0.75,
          0.625,
          0.725,
          0.925,
          0.85,
          0.8,
          0.95,
          0.6000000000000001,
          0.95,
          0.75,
          0.925,
          0.35,
          0.775,
          0.44999999999999996,
          0.6499999999999999,
          0.8,
          0.95,
          0.85,
          0.825,
          0.825,
          0.75,
          0.925,
          0.725,
          0.775,
          0.95,
          0.85,
          0.725,
          0.85,
          0.925,
          0.725,
          0.8,
          0.925,
          0.8,
          0.6000000000000001,
          0.95,
          0.725,
          0.925,
          0.975,
          0.875,
          0.875,
          0.75,
          0.875,
          0.825,
          0.85,
          0.35,
          0.8,
          0.8,
          0.95,
          0.85,
          0.975,
          0.475,
          0.775,
          0.95,
          0.85,
          0.29999999999999993,
          0.4,
          0.775,
          0.6000000000000001,
          0.775,
          0.925,
          0.7,
          0.95,
          0.20000000000000007,
          0.85,
          0.925,
          0.9,
          0.85,
          0.8,
          0.75,
          0.125,
          0.625,
          0.775,
          0.925,
          0.95
     ],
     "len_list": [
          5,
          5,
          4,
          9,
          26,
          3,
          8,
          12,
          4,
          21,
          1,
          5,
          4,
          10,
          15,
          11,
          3,
          6,
          8,
          2,
          16,
          2,
          10,
          3,
          26,
          9,
          22,
          14,
          8,
          2,
          6,
          7,
          7,
          10,
          3,
          11,
          9,
          2,
          6,
          11,
          6,
          3,
          11,
          8,
          3,
          8,
          16,
          2,
          11,
          3,
          1,
          5,
          5,
          10,
          5,
          7,
          6,
          26,
          8,
          8,
          2,
          6,
          1,
          21,
          9,
          2,
          6,
          28,
          24,
          9,
          16,
          9,
          3,
          12,
          2,
          32,
          6,
          3,
          4,
          6,
          8,
          10,
          35,
          15,
          9,
          3,
          2
     ],
     "sucess_list": [
          1,
          1,
          1,
          1,
          1,
          1,
          1,
          1,
          0,
          1,
          1,
          1,
          1,
          1,
          1,
          1,
          1,
          1,
          1,
          1,
          1,
          0,
          1,
          1,
          1,
          1,
          1,
          1,
          1,
          1,
          1,
          1,
          1,
          1,
          1,
          1,
          1,
          1,
          0,
          1,
          1,
          1,
          1,
          1,
          1,
          1,
          1,
          1,
          1,
          1,
          1,
          1,
          1,
          1,
          1,
          1,
          1,
          1,
          1,
          1,
          1,
          1,
          1,
          1,
          0,
          1,
          1,
          1,
          1,
          1,
          1,
          1,
          1,
          1,
          1,
          1,
          1,
          1,
          1,
          1,
          1,
          1,
          0,
          1,
          1,
          1,
          1,
          1,
          1,
          1,
          1,
          1
     ],
     "r_mean": 0.775574712643678,
     "r_std": 0.1835934809765895,
     "len_mean": 8.977011494252874,
     "len_std": 7.343739239063579,
     "success_rate": 0.9456521739130435
}