{
     "ep_len": [
          6,
          36,
          4,
          36,
          5,
          18,
          25,
          36,
          11,
          5,
          27,
          11,
          4,
          12,
          36,
          15,
          11,
          25,
          6,
          11,
          3,
          28,
          4,
          4,
          7,
          27,
          36,
          7,
          4,
          1,
          13,
          36,
          7,
          33,
          10,
          25,
          22,
          3,
          4,
          5,
          22,
          29,
          8
     ],
     "ep_ret": [
          0.85,
          0.09999999999999998,
          0.9,
          0,
          0.875,
          0.55,
          0.375,
          0,
          0.725,
          0.875,
          0.32499999999999996,
          0.725,
          0.9,
          0.7,
          0,
          0.625,
          0.725,
          0.375,
          0.85,
          0.725,
          0.925,
          0.29999999999999993,
          0.9,
          0.9,
          0.825,
          0.32499999999999996,
          0,
          0.825,
          0.9,
          0.975,
          0.675,
          0,
          0.825,
          0.17500000000000004,
          0.75,
          0.375,
          0.44999999999999996,
          0.925,
          0.9,
          0.875,
          0.44999999999999996,
          0.2749999999999999,
          0.8
     ],
     "r_list": [
          0.85,
          0.09999999999999998,
          0.9,
          0.875,
          0.55,
          0.375,
          0.725,
          0.875,
          0.32499999999999996,
          0.725,
          0.9,
          0.7,
          0.625,
          0.725,
          0.375,
          0.85,
          0.725,
          0.925,
          0.29999999999999993,
          0.9,
          0.9,
          0.825,
          0.32499999999999996,
          0.825,
          0.9,
          0.975,
          0.675,
          0.825,
          0.17500000000000004,
          0.75,
          0.375,
          0.44999999999999996,
          0.925,
          0.9,
          0.875,
          0.44999999999999996,
          0.2749999999999999,
          0.8
     ],
     "len_list": [
          6,
          36,
          4,
          5,
          18,
          25,
          11,
          5,
          27,
          11,
          4,
          12,
          15,
          11,
          25,
          6,
          11,
          3,
          28,
          4,
          4,
          7,
          27,
          7,
          4,
          1,
          13,
          7,
          33,
          10,
          25,
          22,
          3,
          4,
          5,
          22,
          29,
          8
     ],
     "sucess_list": [
          1,
          1,
          1,
          0,
          1,
          1,
          1,
          0,
          1,
          1,
          1,
          1,
          1,
          1,
          0,
          1,
          1,
          1,
          1,
          1,
          1,
          1,
          1,
          1,
          1,
          1,
          0,
          1,
          1,
          1,
          1,
          0,
          1,
          1,
          1,
          1,
          1,
          1,
          1,
          1,
          1,
          1,
          1
     ],
     "r_mean": 0.6723684210526316,
     "r_std": 0.24680787553038644,
     "len_mean": 13.105263157894736,
     "len_std": 9.872315021215456,
     "success_rate": 0.8837209302325582
}