{
     "ep_len": [
          3,
          8,
          2,
          6,
          7,
          10,
          11,
          4,
          13,
          3,
          13,
          5,
          3,
          5,
          3,
          8,
          5,
          3,
          7,
          11,
          6,
          3,
          2,
          2,
          9,
          2,
          3,
          3,
          4,
          4,
          13,
          8,
          4,
          4,
          6,
          3,
          9,
          9,
          5,
          13,
          2,
          5,
          6,
          5,
          9,
          11,
          3,
          3,
          7,
          2,
          5,
          6,
          3,
          11,
          2,
          4,
          6,
          4,
          3,
          2,
          2,
          6,
          4,
          4,
          10,
          2,
          3,
          18,
          6,
          3,
          7,
          8,
          5,
          2,
          2,
          5,
          2,
          7,
          6,
          5,
          3,
          7,
          4,
          2,
          4,
          7,
          4,
          2,
          7,
          14,
          3,
          3,
          4,
          7,
          4,
          4,
          7,
          2,
          8,
          5,
          6,
          6,
          4,
          2,
          2,
          2,
          2,
          3,
          4,
          3,
          10,
          5,
          12,
          2,
          33,
          10,
          16,
          8,
          2,
          6,
          20,
          10,
          13,
          3,
          7,
          3,
          2,
          4,
          5,
          2,
          4,
          10,
          6,
          9,
          7
     ],
     "ep_ret": [
          0,
          0,
          0.963265306122449,
          0.889795918367347,
          0,
          0.8163265306122449,
          0,
          0,
          0.7612244897959184,
          0.9448979591836735,
          0.7612244897959184,
          0.9081632653061225,
          0,
          0,
          0,
          0.8530612244897959,
          0.9081632653061225,
          0,
          0.8714285714285714,
          0,
          0,
          0.9448979591836735,
          0,
          0.963265306122449,
          0.8346938775510204,
          0,
          0,
          0.9448979591836735,
          0,
          0,
          0,
          0.8530612244897959,
          0.926530612244898,
          0.926530612244898,
          0.889795918367347,
          0,
          0.8346938775510204,
          0.8346938775510204,
          0.9081632653061225,
          0,
          0.963265306122449,
          0.9081632653061225,
          0.889795918367347,
          0.9081632653061225,
          0.8346938775510204,
          0.7979591836734694,
          0,
          0,
          0,
          0,
          0.9081632653061225,
          0.889795918367347,
          0.9448979591836735,
          0,
          0.963265306122449,
          0.926530612244898,
          0,
          0.926530612244898,
          0,
          0,
          0,
          0.889795918367347,
          0.926530612244898,
          0.926530612244898,
          0.8163265306122449,
          0,
          0.9448979591836735,
          0.6693877551020408,
          0.889795918367347,
          0.9448979591836735,
          0,
          0,
          0.9081632653061225,
          0.963265306122449,
          0,
          0.9081632653061225,
          0,
          0.8714285714285714,
          0,
          0,
          0.9448979591836735,
          0,
          0.926530612244898,
          0,
          0,
          0.8714285714285714,
          0.926530612244898,
          0.963265306122449,
          0.8714285714285714,
          0.7428571428571429,
          0,
          0.9448979591836735,
          0.926530612244898,
          0.8714285714285714,
          0.926530612244898,
          0.926530612244898,
          0,
          0,
          0.8530612244897959,
          0,
          0.889795918367347,
          0.889795918367347,
          0.926530612244898,
          0.963265306122449,
          0,
          0,
          0.963265306122449,
          0,
          0.926530612244898,
          0,
          0,
          0.9081632653061225,
          0.7795918367346939,
          0.963265306122449,
          0.3938775510204082,
          0,
          0,
          0.8530612244897959,
          0.963265306122449,
          0,
          0.6326530612244898,
          0.8163265306122449,
          0.7612244897959184,
          0.9448979591836735,
          0.8714285714285714,
          0,
          0.963265306122449,
          0.926530612244898,
          0.9081632653061225,
          0,
          0,
          0,
          0.889795918367347,
          0,
          0
     ],
     "r_list": [
          0.963265306122449,
          0.889795918367347,
          0.8163265306122449,
          0.7612244897959184,
          0.9448979591836735,
          0.7612244897959184,
          0.9081632653061225,
          0.8530612244897959,
          0.9081632653061225,
          0.8714285714285714,
          0.9448979591836735,
          0.963265306122449,
          0.8346938775510204,
          0.9448979591836735,
          0.8530612244897959,
          0.926530612244898,
          0.926530612244898,
          0.889795918367347,
          0.8346938775510204,
          0.8346938775510204,
          0.9081632653061225,
          0.963265306122449,
          0.9081632653061225,
          0.889795918367347,
          0.9081632653061225,
          0.8346938775510204,
          0.7979591836734694,
          0.9081632653061225,
          0.889795918367347,
          0.9448979591836735,
          0.963265306122449,
          0.926530612244898,
          0.926530612244898,
          0.889795918367347,
          0.926530612244898,
          0.926530612244898,
          0.8163265306122449,
          0.9448979591836735,
          0.6693877551020408,
          0.889795918367347,
          0.9448979591836735,
          0.9081632653061225,
          0.963265306122449,
          0.9081632653061225,
          0.8714285714285714,
          0.9448979591836735,
          0.926530612244898,
          0.8714285714285714,
          0.926530612244898,
          0.963265306122449,
          0.8714285714285714,
          0.7428571428571429,
          0.9448979591836735,
          0.926530612244898,
          0.8714285714285714,
          0.926530612244898,
          0.926530612244898,
          0.8530612244897959,
          0.889795918367347,
          0.889795918367347,
          0.926530612244898,
          0.963265306122449,
          0.963265306122449,
          0.926530612244898,
          0.9081632653061225,
          0.7795918367346939,
          0.963265306122449,
          0.3938775510204082,
          0.8530612244897959,
          0.963265306122449,
          0.6326530612244898,
          0.8163265306122449,
          0.7612244897959184,
          0.9448979591836735,
          0.8714285714285714,
          0.963265306122449,
          0.926530612244898,
          0.9081632653061225,
          0.889795918367347
     ],