{
     "ep_len": [
          8,
          7,
          16,
          23,
          12,
          9,
          4,
          49,
          8,
          8,
          27,
          23,
          10,
          3,
          7,
          2,
          10,
          23,
          4,
          3,
          6,
          22,
          9,
          2,
          13,
          24,
          36,
          15,
          8,
          19,
          4,
          11,
          3,
          2,
          12,
          22,
          2,
          10,
          5,
          5,
          34,
          8,
          6
     ],
     "ep_ret": [
          0,
          0,
          0,
          0.5775510204081633,
          0.7795918367346939,
          0,
          0.926530612244898,
          0,
          0.8530612244897959,
          0,
          0.5040816326530613,
          0,
          0.8163265306122449,
          0.9448979591836735,
          0,
          0,
          0,
          0,
          0,
          0,
          0.889795918367347,
          0.5959183673469388,
          0,
          0,
          0,
          0.5591836734693878,
          0,
          0.7244897959183674,
          0,
          0,
          0,
          0.7979591836734694,
          0.9448979591836735,
          0.963265306122449,
          0,
          0.5959183673469388,
          0,
          0.8163265306122449,
          0.9081632653061225,
          0,
          0,
          0.8530612244897959,
          0.889795918367347
     ],
     "r_list": [
          0.5775510204081633,
          0.7795918367346939,
          0.926530612244898,
          0.8530612244897959,
          0.5040816326530613,
          0.8163265306122449,
          0.9448979591836735,
          0.889795918367347,
          0.5959183673469388,
          0.5591836734693878,
          0.7244897959183674,
          0.7979591836734694,
          0.9448979591836735,
          0.963265306122449,
          0.5959183673469388,
          0.8163265306122449,
          0.9081632653061225,
          0.8530612244897959,
          0.889795918367347
     ],
     "len_list": [
          23,
          12,
          4,
          8,
          27,
          10,
          3,
          6,
          22,
          24,
          15,
          11,
          3,
          2,
          22,
          10,
          5,
          8,
          6
     ],
     "sucess_list": [
          0,
          0,
          0,
          1,
          1,
          0,
          1,
          0,
          1,
          0,
          1,
          0,
          1,
          1,
          0,
          0,
          0,
          0,
          0,
          0,
          1,
          1,
          0,
          0,
          0,
          1,
          0,
          1,
          0,
          0,
          0,
          1,
          1,
          1,
          0,
          1,
          0,
          1,
          1,
          0,
          0,
          1,
          1
     ],
     "r_mean": 0.786358754027927,
     "r_std": 0.14501825936274335,
     "len_mean": 11.631578947368421,
     "len_std": 7.895438565304916,
     "success_rate": 0.4418604651162791
}