{
     "ep_len": [
          3,
          64,
          3,
          4,
          57,
          64,
          12,
          64,
          64,
          32,
          18,
          64,
          64,
          7,
          64,
          64,
          49,
          64,
          2,
          64
     ],
     "ep_ret": [
          0.9578125,
          0,
          0.9578125,
          0.94375,
          0.19843749999999993,
          0,
          0.83125,
          0,
          0,
          0.55,
          0.746875,
          0,
          0,
          0.9015625,
          0,
          0,
          0.3109375,
          0,
          0.971875,
          0
     ],
     "r_list": [
          0.9578125,
          0.9578125,
          0.94375,
          0.19843749999999993,
          0.83125,
          0.55,
          0.746875,
          0.9015625,
          0.3109375,
          0.971875
     ],
     "len_list": [
          3,
          3,
          4,
          57,
          12,
          32,
          18,
          7,
          49,
          2
     ],
     "sucess_list": [
          1,
          0,
          1,
          1,
          1,
          0,
          1,
          0,
          0,
          1,
          1,
          0,
          0,
          1,
          0,
          0,
          1,
          0,
          1,
          0
     ],
     "r_mean": 0.73703125,
     "r_std": 0.27166842906668875,
     "len_mean": 18.7,
     "len_std": 19.318643844742308,
     "success_rate": 0.5
}