{
     "ep_len": [
          36,
          14,
          5,
          10,
          3,
          12,
          1,
          12,
          29,
          3,
          3,
          33,
          4,
          36,
          4,
          5,
          3,
          15,
          14,
          11,
          2,
          9,
          6,
          3,
          3,
          24,
          36,
          7,
          36,
          8,
          19,
          22,
          5,
          18,
          3,
          5,
          2,
          36,
          36,
          3,
          10,
          12,
          36,
          15,
          13,
          8,
          36,
          5,
          36,
          20,
          7,
          3,
          2,
          14,
          12,
          3,
          2,
          24,
          26,
          5,
          3,
          8,
          17,
          11,
          6,
          2,
          11,
          3,
          13,
          5,
          4,
          8,
          4,
          29,
          16,
          6,
          18,
          11,
          13,
          2
     ],
     "ep_ret": [
          0,
          0.6499999999999999,
          0.875,
          0.75,
          0.925,
          0.7,
          0.975,
          0.7,
          0.2749999999999999,
          0.925,
          0.925,
          0.17500000000000004,
          0.9,
          0,
          0.9,
          0.875,
          0.925,
          0.625,
          0.6499999999999999,
          0.725,
          0.95,
          0.775,
          0.85,
          0.925,
          0.925,
          0.4,
          0,
          0.825,
          0,
          0.8,
          0.5249999999999999,
          0.44999999999999996,
          0.875,
          0.55,
          0.925,
          0.875,
          0.95,
          0,
          0,
          0.925,
          0.75,
          0.7,
          0,
          0.625,
          0.675,
          0.8,
          0,
          0.875,
          0,
          0.5,
          0.825,
          0.925,
          0.95,
          0.6499999999999999,
          0.7,
          0.925,
          0.95,
          0.4,
          0.35,
          0.875,
          0.925,
          0.8,
          0.575,
          0.725,
          0.85,
          0.95,
          0.725,
          0.925,
          0.675,
          0.875,
          0.9,
          0.8,
          0.9,
          0.2749999999999999,
          0.6000000000000001,
          0.85,
          0.55,
          0.725,
          0.675,
          0.95
     ],
     "r_list": [
          0.6499999999999999,
          0.875,
          0.75,
          0.925,
          0.7,
          0.975,
          0.7,
          0.2749999999999999,
          0.925,
          0.925,
          0.17500000000000004,
          0.9,
          0.9,
          0.875,
          0.925,
          0.625,
          0.6499999999999999,
          0.725,
          0.95,
          0.775,
          0.85,
          0.925,
          0.925,
          0.4,
          0.825,
          0.8,
          0.5249999999999999,
          0.44999999999999996,
          0.875,
          0.55,
          0.925,
          0.875,
          0.95,
          0.925,
          0.75,
          0.7,
          0.625,
          0.675,
          0.8,
          0.875,
          0.5,
          0.825,
          0.925,
          0.95,
          0.6499999999999999,
          0.7,
          0.925,
          0.95,
          0.4,
          0.35,
          0.875,
          0.925,
          0.8,
          0.575,
          0.725,
          0.85,
          0.95,
          0.725,
          0.925,
          0.675,
          0.875,
          0.9,
          0.8,
          0.9,
          0.2749999999999999,
          0.6000000000000001,
          0.85,
          0.55,
          0.725,
          0.675,
          0.95
     ],
     "len_list": [
          14,
          5,
          10,
          3,
          12,
          1,
          12,
          29,
          3,
          3,
          33,
          4,
          4,
          5,
          3,
          15,
          14,
          11,
          2,
          9,
          6,
          3,
          3,
          24,
          7,
          8,
          19,
          22,
          5,
          18,
          3,
          5,
          2,
          3,
          10,
          12,
          15,
          13,
          8,
          5,
          20,
          7,
          3,
          2,
          14,
          12,
          3,
          2,
          24,
          26,
          5,
          3,
          8,
          17,
          11,
          6,
          2,
          11,
          3,
          13,
          5,
          4,
          8,
          4,
          29,
          16,
          6,
          18,
          11,
          13,
          2
     ],
     "sucess_list": [
          0,
          1,
          1,
          1,
          1,
          1,
          1,
          1,
          1,
          1,
          1,
          1,
          1,
          0,
          1,
          1,
          1,
          1,
          1,
          1,
          1,
          1,
          1,
          1,
          1,
          1,
          0,
          1,
          0,
          1,
          1,
          1,
          1,
          1,
          1,
          1,
          1,
          0,
          0,
          1,
          1,
          1,
          0,
          1,
          1,
          1,
          0,
          1,
          0,
          1,
          1,
          1,
          1,
          1,
          1,
          1,
          1,
          1,
          1,
          1,
          1,
          1,
          1,
          1,
          1,
          1,
          1,
          1,
          1,
          1,
          1,
          1,
          1,
          1,
          1,
          1,
          1,
          1,
          1,
          1
     ],
     "r_mean": 0.7566901408450704,
     "r_std": 0.18839377337496863,
     "len_mean": 9.732394366197184,
     "len_std": 7.535750934998745
}